[
{
    "model": "auth.permission",
    "pk": 1,
    "fields": {
        "name": "Can add log entry",
        "content_type": 1,
        "codename": "add_logentry"
    }
},
{
    "model": "auth.permission",
    "pk": 2,
    "fields": {
        "name": "Can change log entry",
        "content_type": 1,
        "codename": "change_logentry"
    }
},
{
    "model": "auth.permission",
    "pk": 3,
    "fields": {
        "name": "Can delete log entry",
        "content_type": 1,
        "codename": "delete_logentry"
    }
},
{
    "model": "auth.permission",
    "pk": 4,
    "fields": {
        "name": "Can view log entry",
        "content_type": 1,
        "codename": "view_logentry"
    }
},
{
    "model": "auth.permission",
    "pk": 5,
    "fields": {
        "name": "Can add permission",
        "content_type": 2,
        "codename": "add_permission"
    }
},
{
    "model": "auth.permission",
    "pk": 6,
    "fields": {
        "name": "Can change permission",
        "content_type": 2,
        "codename": "change_permission"
    }
},
{
    "model": "auth.permission",
    "pk": 7,
    "fields": {
        "name": "Can delete permission",
        "content_type": 2,
        "codename": "delete_permission"
    }
},
{
    "model": "auth.permission",
    "pk": 8,
    "fields": {
        "name": "Can view permission",
        "content_type": 2,
        "codename": "view_permission"
    }
},
{
    "model": "auth.permission",
    "pk": 9,
    "fields": {
        "name": "Can add group",
        "content_type": 3,
        "codename": "add_group"
    }
},
{
    "model": "auth.permission",
    "pk": 10,
    "fields": {
        "name": "Can change group",
        "content_type": 3,
        "codename": "change_group"
    }
},
{
    "model": "auth.permission",
    "pk": 11,
    "fields": {
        "name": "Can delete group",
        "content_type": 3,
        "codename": "delete_group"
    }
},
{
    "model": "auth.permission",
    "pk": 12,
    "fields": {
        "name": "Can view group",
        "content_type": 3,
        "codename": "view_group"
    }
},
{
    "model": "auth.permission",
    "pk": 13,
    "fields": {
        "name": "Can add user",
        "content_type": 4,
        "codename": "add_user"
    }
},
{
    "model": "auth.permission",
    "pk": 14,
    "fields": {
        "name": "Can change user",
        "content_type": 4,
        "codename": "change_user"
    }
},
{
    "model": "auth.permission",
    "pk": 15,
    "fields": {
        "name": "Can delete user",
        "content_type": 4,
        "codename": "delete_user"
    }
},
{
    "model": "auth.permission",
    "pk": 16,
    "fields": {
        "name": "Can view user",
        "content_type": 4,
        "codename": "view_user"
    }
},
{
    "model": "auth.permission",
    "pk": 17,
    "fields": {
        "name": "Can add content type",
        "content_type": 5,
        "codename": "add_contenttype"
    }
},
{
    "model": "auth.permission",
    "pk": 18,
    "fields": {
        "name": "Can change content type",
        "content_type": 5,
        "codename": "change_contenttype"
    }
},
{
    "model": "auth.permission",
    "pk": 19,
    "fields": {
        "name": "Can delete content type",
        "content_type": 5,
        "codename": "delete_contenttype"
    }
},
{
    "model": "auth.permission",
    "pk": 20,
    "fields": {
        "name": "Can view content type",
        "content_type": 5,
        "codename": "view_contenttype"
    }
},
{
    "model": "auth.permission",
    "pk": 21,
    "fields": {
        "name": "Can add session",
        "content_type": 6,
        "codename": "add_session"
    }
},
{
    "model": "auth.permission",
    "pk": 22,
    "fields": {
        "name": "Can change session",
        "content_type": 6,
        "codename": "change_session"
    }
},
{
    "model": "auth.permission",
    "pk": 23,
    "fields": {
        "name": "Can delete session",
        "content_type": 6,
        "codename": "delete_session"
    }
},
{
    "model": "auth.permission",
    "pk": 24,
    "fields": {
        "name": "Can view session",
        "content_type": 6,
        "codename": "view_session"
    }
},
{
    "model": "auth.permission",
    "pk": 25,
    "fields": {
        "name": "Can add course",
        "content_type": 7,
        "codename": "add_course"
    }
},
{
    "model": "auth.permission",
    "pk": 26,
    "fields": {
        "name": "Can change course",
        "content_type": 7,
        "codename": "change_course"
    }
},
{
    "model": "auth.permission",
    "pk": 27,
    "fields": {
        "name": "Can delete course",
        "content_type": 7,
        "codename": "delete_course"
    }
},
{
    "model": "auth.permission",
    "pk": 28,
    "fields": {
        "name": "Can view course",
        "content_type": 7,
        "codename": "view_course"
    }
},
{
    "model": "auth.permission",
    "pk": 29,
    "fields": {
        "name": "Can add student",
        "content_type": 8,
        "codename": "add_student"
    }
},
{
    "model": "auth.permission",
    "pk": 30,
    "fields": {
        "name": "Can change student",
        "content_type": 8,
        "codename": "change_student"
    }
},
{
    "model": "auth.permission",
    "pk": 31,
    "fields": {
        "name": "Can delete student",
        "content_type": 8,
        "codename": "delete_student"
    }
},
{
    "model": "auth.permission",
    "pk": 32,
    "fields": {
        "name": "Can view student",
        "content_type": 8,
        "codename": "view_student"
    }
},
{
    "model": "auth.permission",
    "pk": 33,
    "fields": {
        "name": "Can add content",
        "content_type": 9,
        "codename": "add_content"
    }
},
{
    "model": "auth.permission",
    "pk": 34,
    "fields": {
        "name": "Can change content",
        "content_type": 9,
        "codename": "change_content"
    }
},
{
    "model": "auth.permission",
    "pk": 35,
    "fields": {
        "name": "Can delete content",
        "content_type": 9,
        "codename": "delete_content"
    }
},
{
    "model": "auth.permission",
    "pk": 36,
    "fields": {
        "name": "Can view content",
        "content_type": 9,
        "codename": "view_content"
    }
},
{
    "model": "auth.permission",
    "pk": 37,
    "fields": {
        "name": "Can add team",
        "content_type": 10,
        "codename": "add_team"
    }
},
{
    "model": "auth.permission",
    "pk": 38,
    "fields": {
        "name": "Can change team",
        "content_type": 10,
        "codename": "change_team"
    }
},
{
    "model": "auth.permission",
    "pk": 39,
    "fields": {
        "name": "Can delete team",
        "content_type": 10,
        "codename": "delete_team"
    }
},
{
    "model": "auth.permission",
    "pk": 40,
    "fields": {
        "name": "Can view team",
        "content_type": 10,
        "codename": "view_team"
    }
},
{
    "model": "auth.permission",
    "pk": 41,
    "fields": {
        "name": "Can add pub",
        "content_type": 11,
        "codename": "add_pub"
    }
},
{
    "model": "auth.permission",
    "pk": 42,
    "fields": {
        "name": "Can change pub",
        "content_type": 11,
        "codename": "change_pub"
    }
},
{
    "model": "auth.permission",
    "pk": 43,
    "fields": {
        "name": "Can delete pub",
        "content_type": 11,
        "codename": "delete_pub"
    }
},
{
    "model": "auth.permission",
    "pk": 44,
    "fields": {
        "name": "Can view pub",
        "content_type": 11,
        "codename": "view_pub"
    }
},
{
    "model": "auth.permission",
    "pk": 45,
    "fields": {
        "name": "Can add content",
        "content_type": 12,
        "codename": "add_content"
    }
},
{
    "model": "auth.permission",
    "pk": 46,
    "fields": {
        "name": "Can change content",
        "content_type": 12,
        "codename": "change_content"
    }
},
{
    "model": "auth.permission",
    "pk": 47,
    "fields": {
        "name": "Can delete content",
        "content_type": 12,
        "codename": "delete_content"
    }
},
{
    "model": "auth.permission",
    "pk": 48,
    "fields": {
        "name": "Can view content",
        "content_type": 12,
        "codename": "view_content"
    }
},
{
    "model": "auth.permission",
    "pk": 49,
    "fields": {
        "name": "Can add probe",
        "content_type": 13,
        "codename": "add_probe"
    }
},
{
    "model": "auth.permission",
    "pk": 50,
    "fields": {
        "name": "Can change probe",
        "content_type": 13,
        "codename": "change_probe"
    }
},
{
    "model": "auth.permission",
    "pk": 51,
    "fields": {
        "name": "Can delete probe",
        "content_type": 13,
        "codename": "delete_probe"
    }
},
{
    "model": "auth.permission",
    "pk": 52,
    "fields": {
        "name": "Can view probe",
        "content_type": 13,
        "codename": "view_probe"
    }
},
{
    "model": "auth.permission",
    "pk": 53,
    "fields": {
        "name": "Can add test result",
        "content_type": 14,
        "codename": "add_testresult"
    }
},
{
    "model": "auth.permission",
    "pk": 54,
    "fields": {
        "name": "Can change test result",
        "content_type": 14,
        "codename": "change_testresult"
    }
},
{
    "model": "auth.permission",
    "pk": 55,
    "fields": {
        "name": "Can delete test result",
        "content_type": 14,
        "codename": "delete_testresult"
    }
},
{
    "model": "auth.permission",
    "pk": 56,
    "fields": {
        "name": "Can view test result",
        "content_type": 14,
        "codename": "view_testresult"
    }
},
{
    "model": "auth.permission",
    "pk": 57,
    "fields": {
        "name": "Can add task",
        "content_type": 15,
        "codename": "add_task"
    }
},
{
    "model": "auth.permission",
    "pk": 58,
    "fields": {
        "name": "Can change task",
        "content_type": 15,
        "codename": "change_task"
    }
},
{
    "model": "auth.permission",
    "pk": 59,
    "fields": {
        "name": "Can delete task",
        "content_type": 15,
        "codename": "delete_task"
    }
},
{
    "model": "auth.permission",
    "pk": 60,
    "fields": {
        "name": "Can view task",
        "content_type": 15,
        "codename": "view_task"
    }
},
{
    "model": "auth.permission",
    "pk": 61,
    "fields": {
        "name": "Can add task type",
        "content_type": 16,
        "codename": "add_tasktype"
    }
},
{
    "model": "auth.permission",
    "pk": 62,
    "fields": {
        "name": "Can change task type",
        "content_type": 16,
        "codename": "change_tasktype"
    }
},
{
    "model": "auth.permission",
    "pk": 63,
    "fields": {
        "name": "Can delete task type",
        "content_type": 16,
        "codename": "delete_tasktype"
    }
},
{
    "model": "auth.permission",
    "pk": 64,
    "fields": {
        "name": "Can view task type",
        "content_type": 16,
        "codename": "view_tasktype"
    }
},
{
    "model": "auth.permission",
    "pk": 65,
    "fields": {
        "name": "Can add activity",
        "content_type": 17,
        "codename": "add_activity"
    }
},
{
    "model": "auth.permission",
    "pk": 66,
    "fields": {
        "name": "Can change activity",
        "content_type": 17,
        "codename": "change_activity"
    }
},
{
    "model": "auth.permission",
    "pk": 67,
    "fields": {
        "name": "Can delete activity",
        "content_type": 17,
        "codename": "delete_activity"
    }
},
{
    "model": "auth.permission",
    "pk": 68,
    "fields": {
        "name": "Can view activity",
        "content_type": 17,
        "codename": "view_activity"
    }
},
{
    "model": "auth.user",
    "pk": 1,
    "fields": {
        "password": "pbkdf2_sha256$600000$pMVTG4KmcaHMfcaZiQRmjb$t+JAfYGlRQWm4O9KAsgOiFHCzL/gm+FaDFnKVczpswE=",
        "last_login": null,
        "is_superuser": false,
        "username": "MatiasBairu",
        "first_name": "Matias",
        "last_name": "Bairu",
        "email": "seathe34@gmail.com",
        "is_staff": false,
        "is_active": true,
        "date_joined": "2023-10-03T16:48:47.153Z",
        "groups": [],
        "user_permissions": []
    }
},
{
    "model": "auth.user",
    "pk": 2,
    "fields": {
        "password": "pbkdf2_sha256$600000$2R095a5nCB1ruedncu5oF7$tkpF1zqlusHXTiOVo/TOij5C1BjigM6wjHipf4drGNY=",
        "last_login": null,
        "is_superuser": false,
        "username": "DillonBlair",
        "first_name": "Dillon",
        "last_name": "Blair",
        "email": "blai9954@bears.unco.edu",
        "is_staff": false,
        "is_active": true,
        "date_joined": "2023-10-03T16:48:47.302Z",
        "groups": [],
        "user_permissions": []
    }
},
{
    "model": "auth.user",
    "pk": 3,
    "fields": {
        "password": "pbkdf2_sha256$600000$jpFeYgjky3IeYuWlJKwT62$hnoa50DWNAqGB6GN1uja+kijs8EuF4ebYVXCD5H3VJs=",
        "last_login": null,
        "is_superuser": false,
        "username": "JohnDale",
        "first_name": "John",
        "last_name": "Dale",
        "email": "barr0137@bears.unco.edu",
        "is_staff": false,
        "is_active": true,
        "date_joined": "2023-10-03T16:48:47.446Z",
        "groups": [],
        "user_permissions": []
    }
},
{
    "model": "auth.user",
    "pk": 4,
    "fields": {
        "password": "pbkdf2_sha256$600000$aer1TiSWs02UWnGUFnmG1x$JYVGCW0ForQNLN22Dj7nYgKGl++koSwWgcX3wt7ZwhY=",
        "last_login": null,
        "is_superuser": false,
        "username": "MayaEaton",
        "first_name": "Maya",
        "last_name": "Eaton",
        "email": "mayaeeee2022@icloud.com",
        "is_staff": false,
        "is_active": true,
        "date_joined": "2023-10-03T16:48:47.589Z",
        "groups": [],
        "user_permissions": []
    }
},
{
    "model": "auth.user",
    "pk": 5,
    "fields": {
        "password": "pbkdf2_sha256$600000$Kfx7st2dtww20ENQIVZc5x$Sg5FaHimqEx8cQkBG0Z9zUYRqoXIQIVaqoBXVbajRgc=",
        "last_login": null,
        "is_superuser": false,
        "username": "BreGilliland",
        "first_name": "Bre",
        "last_name": "Gilliland",
        "email": "gill7139@bears.unco.edu",
        "is_staff": false,
        "is_active": true,
        "date_joined": "2023-10-03T16:48:47.731Z",
        "groups": [],
        "user_permissions": []
    }
},
{
    "model": "auth.user",
    "pk": 6,
    "fields": {
        "password": "pbkdf2_sha256$600000$xA0okRS4UlXfWE8IxpOhUP$VEJe/efOhwQIwMAOtzbM0TpoOaWGECGyUX/X12TjlMo=",
        "last_login": null,
        "is_superuser": false,
        "username": "EthanGimmestad",
        "first_name": "Ethan",
        "last_name": "Gimmestad",
        "email": "ethan.gimmestad@icloud.com",
        "is_staff": false,
        "is_active": true,
        "date_joined": "2023-10-03T16:48:47.878Z",
        "groups": [],
        "user_permissions": []
    }
},
{
    "model": "auth.user",
    "pk": 7,
    "fields": {
        "password": "pbkdf2_sha256$600000$hq1vhWCgSxH5s6ibW2IIbq$nY3ZXcc8ds2lYonIvEJI+069DHc2ZdLb/RYGrbuMbNs=",
        "last_login": null,
        "is_superuser": false,
        "username": "AndrewHolmes",
        "first_name": "Andrew",
        "last_name": "Holmes",
        "email": "holm2918@bears.unco.edu",
        "is_staff": false,
        "is_active": true,
        "date_joined": "2023-10-03T16:48:48.020Z",
        "groups": [],
        "user_permissions": []
    }
},
{
    "model": "auth.user",
    "pk": 8,
    "fields": {
        "password": "pbkdf2_sha256$600000$KWCltdlfCJGsojEpqsq4Ih$KhvzMY2bVdz6gSnVfDJEtPaCiZ0T65huF0v/x8SwVb0=",
        "last_login": null,
        "is_superuser": false,
        "username": "KaitlynLamgo",
        "first_name": "Kaitlyn",
        "last_name": "Lamgo",
        "email": "lamg1462@bears.unco.edu",
        "is_staff": false,
        "is_active": true,
        "date_joined": "2023-10-03T16:48:48.163Z",
        "groups": [],
        "user_permissions": []
    }
},
{
    "model": "auth.user",
    "pk": 9,
    "fields": {
        "password": "pbkdf2_sha256$600000$KGf941Ar0lcIYu0OiEPJZ0$3AMJN/yFS8J2aGvrYHRAMjg3/UA9uf/1+ReMuUods6g=",
        "last_login": null,
        "is_superuser": false,
        "username": "TylerLee",
        "first_name": "Tyler",
        "last_name": "Lee",
        "email": "lee8326@bears.unco.edu",
        "is_staff": false,
        "is_active": true,
        "date_joined": "2023-10-03T16:48:48.306Z",
        "groups": [],
        "user_permissions": []
    }
},
{
    "model": "auth.user",
    "pk": 10,
    "fields": {
        "password": "pbkdf2_sha256$600000$CVEC7FZ0plzWsclejBdMdx$0KMIfb2Kozqrio1PIBlmqO3sQ55eeOoTfjHmewQb1gM=",
        "last_login": null,
        "is_superuser": false,
        "username": "MatthewLessman",
        "first_name": "Matthew",
        "last_name": "Lessman",
        "email": "less2179@bears.unco.edu",
        "is_staff": false,
        "is_active": true,
        "date_joined": "2023-10-03T16:48:48.449Z",
        "groups": [],
        "user_permissions": []
    }
},
{
    "model": "auth.user",
    "pk": 11,
    "fields": {
        "password": "pbkdf2_sha256$600000$dXSc8GiepcOOMdncM9m9pr$JLI6atR+VICDhJWltgaY9rgfDZ3axGwh4RIz21hSDaI=",
        "last_login": null,
        "is_superuser": false,
        "username": "RyanLunas",
        "first_name": "Ryan",
        "last_name": "Lunas",
        "email": "luna0500@bears.unco.edu",
        "is_staff": false,
        "is_active": true,
        "date_joined": "2023-10-03T16:48:48.592Z",
        "groups": [],
        "user_permissions": []
    }
},
{
    "model": "auth.user",
    "pk": 12,
    "fields": {
        "password": "pbkdf2_sha256$600000$IxpYcBGYuVF2VNpUr2megE$JYkHNQtJhxK9WYx5rZr+9YQpHsdvtid6b0RaRMQQYVs=",
        "last_login": null,
        "is_superuser": false,
        "username": "DylanMorris",
        "first_name": "Dylan",
        "last_name": "Morris",
        "email": "morr3583@bears.unco.edu",
        "is_staff": false,
        "is_active": true,
        "date_joined": "2023-10-03T16:48:48.734Z",
        "groups": [],
        "user_permissions": []
    }
},
{
    "model": "auth.user",
    "pk": 13,
    "fields": {
        "password": "pbkdf2_sha256$600000$t6tqcPThEpbWTAfHwE1QoY$yK3mdqjJ3Hp7nWjhaJJ9khzpKkxp4Mw0/vqBW2aI99s=",
        "last_login": null,
        "is_superuser": false,
        "username": "DuaaNakshbandi",
        "first_name": "Duaa",
        "last_name": "Nakshbandi",
        "email": "naks0449@bears.unco.edu",
        "is_staff": false,
        "is_active": true,
        "date_joined": "2023-10-03T16:48:48.877Z",
        "groups": [],
        "user_permissions": []
    }
},
{
    "model": "auth.user",
    "pk": 14,
    "fields": {
        "password": "pbkdf2_sha256$600000$zqxgQHpDKyynAACHFaqtd2$93UMA58JEPiFqj20crqJnVXBTwwAOEQIeYI7X43NTSI=",
        "last_login": null,
        "is_superuser": false,
        "username": "RyanRonish",
        "first_name": "Ryan",
        "last_name": "Ronish",
        "email": "roni0210@bears.unco.edu",
        "is_staff": false,
        "is_active": true,
        "date_joined": "2023-10-03T16:48:49.019Z",
        "groups": [],
        "user_permissions": []
    }
},
{
    "model": "auth.user",
    "pk": 15,
    "fields": {
        "password": "pbkdf2_sha256$600000$VquZVuAclINtP6anyx1VLh$6ZjcZtDP90VTxAFEAY2XC6BD3Pb0XCa4AgT2XggKVpE=",
        "last_login": null,
        "is_superuser": false,
        "username": "DiegoSantander",
        "first_name": "Diego",
        "last_name": "Santander",
        "email": "sant8867@bears.unco.edu",
        "is_staff": false,
        "is_active": true,
        "date_joined": "2023-10-03T16:48:49.162Z",
        "groups": [],
        "user_permissions": []
    }
},
{
    "model": "auth.user",
    "pk": 16,
    "fields": {
        "password": "pbkdf2_sha256$600000$AoBBfziK1y2w1TNiJoTEzB$H1scT4qp6OSbZKDmK+gky82VmBGq8e6U/ZBR5v9+zgg=",
        "last_login": null,
        "is_superuser": false,
        "username": "MarkSeaman",
        "first_name": "Mark",
        "last_name": "Seaman",
        "email": "mark.seaman@shrinking-world.com",
        "is_staff": false,
        "is_active": true,
        "date_joined": "2023-10-03T16:48:49.304Z",
        "groups": [],
        "user_permissions": []
    }
},
{
    "model": "auth.user",
    "pk": 17,
    "fields": {
        "password": "pbkdf2_sha256$600000$grFALOFQZBB6nsLnIEBuYK$Sj8XviD87RMwNtZw4MMAWBYGmim8UKlk2SYAWLimhEQ=",
        "last_login": null,
        "is_superuser": false,
        "username": "HudsonTurner",
        "first_name": "Hudson",
        "last_name": "Turner",
        "email": "turn4527@bears.unco.edu",
        "is_staff": false,
        "is_active": true,
        "date_joined": "2023-10-03T16:48:49.446Z",
        "groups": [],
        "user_permissions": []
    }
},
{
    "model": "auth.user",
    "pk": 18,
    "fields": {
        "password": "pbkdf2_sha256$600000$rBh1DoOcfFzakl16YtclN5$J+HX850iAgY2B/k5fXW2Uy2K3koxSTaXNXS+SolCg3A=",
        "last_login": null,
        "is_superuser": false,
        "username": "EvanTyler",
        "first_name": "Evan",
        "last_name": "Tyler",
        "email": "duff1130@bears.unco.edu",
        "is_staff": false,
        "is_active": true,
        "date_joined": "2023-10-03T16:48:49.589Z",
        "groups": [],
        "user_permissions": []
    }
},
{
    "model": "auth.user",
    "pk": 19,
    "fields": {
        "password": "pbkdf2_sha256$600000$W7v6Qi811XNIEaV15BGnKO$j22pU6aFhuZ2QptD1lyT7vJc+l9MjHqVvdZaDLqiEpc=",
        "last_login": null,
        "is_superuser": false,
        "username": "JoshFlatt",
        "first_name": "Josh",
        "last_name": "Flatt",
        "email": "josh.m.flatt@gmail.com",
        "is_staff": false,
        "is_active": true,
        "date_joined": "2023-10-03T16:48:49.872Z",
        "groups": [],
        "user_permissions": []
    }
},
{
    "model": "auth.user",
    "pk": 20,
    "fields": {
        "password": "pbkdf2_sha256$600000$JzuZt7UFxQPMqf0sR236UG$bVYcWbGLRjkeuckQa4D0K3ODkRwCaGjhavnjwwzrFCo=",
        "last_login": null,
        "is_superuser": false,
        "username": "KyleGarrett",
        "first_name": "Kyle",
        "last_name": "Garrett",
        "email": "long4324@bears.unco.edu",
        "is_staff": false,
        "is_active": true,
        "date_joined": "2023-10-03T16:48:50.014Z",
        "groups": [],
        "user_permissions": []
    }
},
{
    "model": "auth.user",
    "pk": 21,
    "fields": {
        "password": "pbkdf2_sha256$600000$DBfwPtX4MLRbz3He3EJJqr$L4BmuchauhlFCtcbqFdQ3ho8dTHOclB36b683MUhink=",
        "last_login": null,
        "is_superuser": false,
        "username": "KatieHaney-Osborn",
        "first_name": "Katie",
        "last_name": "Haney-Osborn",
        "email": "haneykat2000@gmail.com",
        "is_staff": false,
        "is_active": true,
        "date_joined": "2023-10-03T16:48:50.156Z",
        "groups": [],
        "user_permissions": []
    }
},
{
    "model": "auth.user",
    "pk": 22,
    "fields": {
        "password": "pbkdf2_sha256$600000$CZAiwcGbGiCCttX7yzfQmb$QGKtW1t4MMlWnPIjlD4BImrGokKXWbH1ex5yK/8SiDQ=",
        "last_login": null,
        "is_superuser": false,
        "username": "AlexHart",
        "first_name": "Alex",
        "last_name": "Hart",
        "email": "alexhart3000@gmail.com",
        "is_staff": false,
        "is_active": true,
        "date_joined": "2023-10-03T16:48:50.298Z",
        "groups": [],
        "user_permissions": []
    }
},
{
    "model": "auth.user",
    "pk": 23,
    "fields": {
        "password": "pbkdf2_sha256$600000$RZQZPafPDLasZpTjqgTMqw$eOioUEqjHRe6M/Vl1IVy3Q0N++uPNAUDTQdKJ6UjTdc=",
        "last_login": null,
        "is_superuser": false,
        "username": "SethHatch",
        "first_name": "Seth",
        "last_name": "Hatch",
        "email": "hatc9004@bears.unco.edu",
        "is_staff": false,
        "is_active": true,
        "date_joined": "2023-10-03T16:48:50.440Z",
        "groups": [],
        "user_permissions": []
    }
},
{
    "model": "auth.user",
    "pk": 24,
    "fields": {
        "password": "pbkdf2_sha256$600000$v1EhfJZU5ZaCwyll6nKfBk$KfenFcxV5f4KhBItbeAwQXVdpXF2Hl3MlJYd3CbweTw=",
        "last_login": null,
        "is_superuser": false,
        "username": "AlexHovick",
        "first_name": "Alex",
        "last_name": "Hovick",
        "email": "hovi8403@bears.unco.edu",
        "is_staff": false,
        "is_active": true,
        "date_joined": "2023-10-03T16:48:50.582Z",
        "groups": [],
        "user_permissions": []
    }
},
{
    "model": "auth.user",
    "pk": 25,
    "fields": {
        "password": "pbkdf2_sha256$600000$d8aMaCJW0r31Mhf5IfCdGk$/nXLLOoSGVoNdOA9v4mcl1ncOtRLiqwZE/mDZMEO6Lo=",
        "last_login": null,
        "is_superuser": false,
        "username": "ConnerHubbell",
        "first_name": "Conner",
        "last_name": "Hubbell",
        "email": "hubb2447@bears.unco.edu",
        "is_staff": false,
        "is_active": true,
        "date_joined": "2023-10-03T16:48:50.724Z",
        "groups": [],
        "user_permissions": []
    }
},
{
    "model": "auth.user",
    "pk": 26,
    "fields": {
        "password": "pbkdf2_sha256$600000$8Q78RybJixlcNSLwsSCsMo$j75eHRoAxIYy00rkGUIB0OAZu5tBCrIIq0ZUJvAIIhI=",
        "last_login": null,
        "is_superuser": false,
        "username": "ShaneLoewe",
        "first_name": "Shane",
        "last_name": "Loewe",
        "email": "shaneloewe@gmail.com",
        "is_staff": false,
        "is_active": true,
        "date_joined": "2023-10-03T16:48:50.866Z",
        "groups": [],
        "user_permissions": []
    }
},
{
    "model": "auth.user",
    "pk": 27,
    "fields": {
        "password": "pbkdf2_sha256$600000$Ze0386Oq3ap8JvnFfLpJuj$K3cgUePQuEMi0V2ckOMnPwNvhA5rq/Mej4lqXEcnlBs=",
        "last_login": null,
        "is_superuser": false,
        "username": "ElfazMandefro",
        "first_name": "Elfaz",
        "last_name": "Mandefro",
        "email": "mand0961@bears.unco.edu",
        "is_staff": false,
        "is_active": true,
        "date_joined": "2023-10-03T16:48:51.150Z",
        "groups": [],
        "user_permissions": []
    }
},
{
    "model": "auth.user",
    "pk": 28,
    "fields": {
        "password": "pbkdf2_sha256$600000$QI94wSVn5I9KkyDh76WL23$6TAzkUJP/46sLuy5KHYiB6E++ESkbvd7Qq9SsKadurE=",
        "last_login": null,
        "is_superuser": false,
        "username": "EsmeraldaMena",
        "first_name": "Esmeralda",
        "last_name": "Mena",
        "email": "mena7940@bears.unco.edu",
        "is_staff": false,
        "is_active": true,
        "date_joined": "2023-10-03T16:48:51.293Z",
        "groups": [],
        "user_permissions": []
    }
},
{
    "model": "auth.user",
    "pk": 29,
    "fields": {
        "password": "pbkdf2_sha256$600000$2DnAkBZTuCuWLVjDvxHUMR$wNAeRoknStFfUWrQIOSMSJd4YdRwIcECxcYPDkIjXKk=",
        "last_login": null,
        "is_superuser": false,
        "username": "JoelNickalaus",
        "first_name": "Joel",
        "last_name": "Nickalaus",
        "email": "lefe2549@bears.unco.edu",
        "is_staff": false,
        "is_active": true,
        "date_joined": "2023-10-03T16:48:51.435Z",
        "groups": [],
        "user_permissions": []
    }
},
{
    "model": "auth.user",
    "pk": 30,
    "fields": {
        "password": "pbkdf2_sha256$600000$BO3pmKwOOsBxB2pvzG9w0l$xgSPTKN1ZYZhx5+UbUYdEzYb/YpQ1gW2m0vKzVj4mfw=",
        "last_login": null,
        "is_superuser": false,
        "username": "MaxwellSeybert",
        "first_name": "Maxwell",
        "last_name": "Seybert",
        "email": "maxwellseybert@gmail.com",
        "is_staff": false,
        "is_active": true,
        "date_joined": "2023-10-03T16:48:51.718Z",
        "groups": [],
        "user_permissions": []
    }
},
{
    "model": "auth.user",
    "pk": 31,
    "fields": {
        "password": "pbkdf2_sha256$600000$d14JHnKYb77pXnBQuTeOMF$JpJuqE8a9XbChbUqjNKqlurQNTwRyQIUQmA2IX+LoFM=",
        "last_login": null,
        "is_superuser": false,
        "username": "ElmoreSiahaan",
        "first_name": "Elmore",
        "last_name": "Siahaan",
        "email": "siah5054@bears.unco.edu",
        "is_staff": false,
        "is_active": true,
        "date_joined": "2023-10-03T16:48:51.860Z",
        "groups": [],
        "user_permissions": []
    }
},
{
    "model": "contenttypes.contenttype",
    "pk": 1,
    "fields": {
        "app_label": "admin",
        "model": "logentry"
    }
},
{
    "model": "contenttypes.contenttype",
    "pk": 2,
    "fields": {
        "app_label": "auth",
        "model": "permission"
    }
},
{
    "model": "contenttypes.contenttype",
    "pk": 3,
    "fields": {
        "app_label": "auth",
        "model": "group"
    }
},
{
    "model": "contenttypes.contenttype",
    "pk": 4,
    "fields": {
        "app_label": "auth",
        "model": "user"
    }
},
{
    "model": "contenttypes.contenttype",
    "pk": 5,
    "fields": {
        "app_label": "contenttypes",
        "model": "contenttype"
    }
},
{
    "model": "contenttypes.contenttype",
    "pk": 6,
    "fields": {
        "app_label": "sessions",
        "model": "session"
    }
},
{
    "model": "contenttypes.contenttype",
    "pk": 7,
    "fields": {
        "app_label": "course",
        "model": "course"
    }
},
{
    "model": "contenttypes.contenttype",
    "pk": 8,
    "fields": {
        "app_label": "course",
        "model": "student"
    }
},
{
    "model": "contenttypes.contenttype",
    "pk": 9,
    "fields": {
        "app_label": "course",
        "model": "content"
    }
},
{
    "model": "contenttypes.contenttype",
    "pk": 10,
    "fields": {
        "app_label": "course",
        "model": "team"
    }
},
{
    "model": "contenttypes.contenttype",
    "pk": 11,
    "fields": {
        "app_label": "publish",
        "model": "pub"
    }
},
{
    "model": "contenttypes.contenttype",
    "pk": 12,
    "fields": {
        "app_label": "publish",
        "model": "content"
    }
},
{
    "model": "contenttypes.contenttype",
    "pk": 13,
    "fields": {
        "app_label": "probe",
        "model": "probe"
    }
},
{
    "model": "contenttypes.contenttype",
    "pk": 14,
    "fields": {
        "app_label": "probe",
        "model": "testresult"
    }
},
{
    "model": "contenttypes.contenttype",
    "pk": 15,
    "fields": {
        "app_label": "task",
        "model": "task"
    }
},
{
    "model": "contenttypes.contenttype",
    "pk": 16,
    "fields": {
        "app_label": "task",
        "model": "tasktype"
    }
},
{
    "model": "contenttypes.contenttype",
    "pk": 17,
    "fields": {
        "app_label": "task",
        "model": "activity"
    }
},
{
    "model": "course.course",
    "pk": 1,
    "fields": {
        "name": "cs350",
        "title": "UNC CS 350 - Software Engineering",
        "subtitle": "Practical Software Engineering Skills",
        "description": "None",
        "doc_path": "Documents/shrinking-world.com/cs350",
        "num_projects": 7,
        "num_lessons": 42,
        "github_repo": "~/Github/UNC-BACS200-2022-Spring",
        "week": 7
    }
},
{
    "model": "course.course",
    "pk": 2,
    "fields": {
        "name": "bacs350",
        "title": "UNC BACS 350 - Web Apps with Python",
        "subtitle": "Intermediate Web Development",
        "description": "None",
        "doc_path": "Documents/shrinking-world.com/bacs350",
        "num_projects": 14,
        "num_lessons": 42,
        "github_repo": "~/Github/UNC-BACS200-2022-Spring",
        "week": 7
    }
},
{
    "model": "course.content",
    "pk": 1,
    "fields": {
        "course": 1,
        "order": 1,
        "title": "Week 1",
        "doctype": "week",
        "path": null,
        "folder": null
    }
},
{
    "model": "course.content",
    "pk": 2,
    "fields": {
        "course": 1,
        "order": 2,
        "title": "Week 2",
        "doctype": "week",
        "path": null,
        "folder": null
    }
},
{
    "model": "course.content",
    "pk": 3,
    "fields": {
        "course": 1,
        "order": 3,
        "title": "Week 3",
        "doctype": "week",
        "path": null,
        "folder": null
    }
},
{
    "model": "course.content",
    "pk": 4,
    "fields": {
        "course": 1,
        "order": 4,
        "title": "Week 4",
        "doctype": "week",
        "path": null,
        "folder": null
    }
},
{
    "model": "course.content",
    "pk": 5,
    "fields": {
        "course": 1,
        "order": 5,
        "title": "Week 5",
        "doctype": "week",
        "path": null,
        "folder": null
    }
},
{
    "model": "course.content",
    "pk": 6,
    "fields": {
        "course": 1,
        "order": 6,
        "title": "Week 6",
        "doctype": "week",
        "path": null,
        "folder": null
    }
},
{
    "model": "course.content",
    "pk": 7,
    "fields": {
        "course": 1,
        "order": 7,
        "title": "Week 7",
        "doctype": "week",
        "path": null,
        "folder": null
    }
},
{
    "model": "course.content",
    "pk": 8,
    "fields": {
        "course": 1,
        "order": 8,
        "title": "Week 8",
        "doctype": "week",
        "path": null,
        "folder": null
    }
},
{
    "model": "course.content",
    "pk": 9,
    "fields": {
        "course": 1,
        "order": 9,
        "title": "Week 9",
        "doctype": "week",
        "path": null,
        "folder": null
    }
},
{
    "model": "course.content",
    "pk": 10,
    "fields": {
        "course": 1,
        "order": 10,
        "title": "Week 10",
        "doctype": "week",
        "path": null,
        "folder": null
    }
},
{
    "model": "course.content",
    "pk": 11,
    "fields": {
        "course": 1,
        "order": 11,
        "title": "Week 11",
        "doctype": "week",
        "path": null,
        "folder": null
    }
},
{
    "model": "course.content",
    "pk": 12,
    "fields": {
        "course": 1,
        "order": 12,
        "title": "Week 12",
        "doctype": "week",
        "path": null,
        "folder": null
    }
},
{
    "model": "course.content",
    "pk": 13,
    "fields": {
        "course": 1,
        "order": 13,
        "title": "Week 13",
        "doctype": "week",
        "path": null,
        "folder": null
    }
},
{
    "model": "course.content",
    "pk": 14,
    "fields": {
        "course": 1,
        "order": 14,
        "title": "Week 14",
        "doctype": "week",
        "path": null,
        "folder": null
    }
},
{
    "model": "course.content",
    "pk": 15,
    "fields": {
        "course": 1,
        "order": 1,
        "title": "Lesson 1 - Milestone #1 - Requirements",
        "doctype": "lesson",
        "path": "Documents/shrinking-world.com/cs350/lesson/01.md",
        "folder": 1
    }
},
{
    "model": "course.content",
    "pk": 16,
    "fields": {
        "course": 1,
        "order": 2,
        "title": "Lesson 2 - Milestone #1 - Design",
        "doctype": "lesson",
        "path": "Documents/shrinking-world.com/cs350/lesson/02.md",
        "folder": 1
    }
},
{
    "model": "course.content",
    "pk": 17,
    "fields": {
        "course": 1,
        "order": 3,
        "title": "Lesson 3 - Milestone #1 - Code",
        "doctype": "lesson",
        "path": "Documents/shrinking-world.com/cs350/lesson/03.md",
        "folder": 2
    }
},
{
    "model": "course.content",
    "pk": 18,
    "fields": {
        "course": 1,
        "order": 4,
        "title": "Lesson 4 - Milestone #1 - Test",
        "doctype": "lesson",
        "path": "Documents/shrinking-world.com/cs350/lesson/04.md",
        "folder": 2
    }
},
{
    "model": "course.content",
    "pk": 19,
    "fields": {
        "course": 1,
        "order": 5,
        "title": "Lesson 5 - Milestone #2 - Requirements",
        "doctype": "lesson",
        "path": "Documents/shrinking-world.com/cs350/lesson/05.md",
        "folder": 3
    }
},
{
    "model": "course.content",
    "pk": 20,
    "fields": {
        "course": 1,
        "order": 6,
        "title": "Lesson 6 - Milestone #2 - Design",
        "doctype": "lesson",
        "path": "Documents/shrinking-world.com/cs350/lesson/06.md",
        "folder": 3
    }
},
{
    "model": "course.content",
    "pk": 21,
    "fields": {
        "course": 1,
        "order": 7,
        "title": "Lesson 7 - Milestone #2 - Code",
        "doctype": "lesson",
        "path": "Documents/shrinking-world.com/cs350/lesson/07.md",
        "folder": 4
    }
},
{
    "model": "course.content",
    "pk": 22,
    "fields": {
        "course": 1,
        "order": 8,
        "title": "Lesson 8 - Milestone #2 - Test",
        "doctype": "lesson",
        "path": "Documents/shrinking-world.com/cs350/lesson/08.md",
        "folder": 4
    }
},
{
    "model": "course.content",
    "pk": 23,
    "fields": {
        "course": 1,
        "order": 9,
        "title": "Lesson 9 - Milestone #3 - Requirements",
        "doctype": "lesson",
        "path": "Documents/shrinking-world.com/cs350/lesson/09.md",
        "folder": 5
    }
},
{
    "model": "course.content",
    "pk": 24,
    "fields": {
        "course": 1,
        "order": 10,
        "title": "Lesson 10 - Milestone #3 - Design",
        "doctype": "lesson",
        "path": "Documents/shrinking-world.com/cs350/lesson/10.md",
        "folder": 5
    }
},
{
    "model": "course.content",
    "pk": 25,
    "fields": {
        "course": 1,
        "order": 11,
        "title": "Lesson 11 - Milestone #3 - Code",
        "doctype": "lesson",
        "path": "Documents/shrinking-world.com/cs350/lesson/11.md",
        "folder": 6
    }
},
{
    "model": "course.content",
    "pk": 26,
    "fields": {
        "course": 1,
        "order": 12,
        "title": "Lesson 12 - Milestone #3 - Test",
        "doctype": "lesson",
        "path": "Documents/shrinking-world.com/cs350/lesson/12.md",
        "folder": 6
    }
},
{
    "model": "course.content",
    "pk": 27,
    "fields": {
        "course": 1,
        "order": 13,
        "title": "Lesson 13 - Milestone #4 - Requirements",
        "doctype": "lesson",
        "path": "Documents/shrinking-world.com/cs350/lesson/13.md",
        "folder": 7
    }
},
{
    "model": "course.content",
    "pk": 28,
    "fields": {
        "course": 1,
        "order": 14,
        "title": "Lesson 14 - Milestone #4 - Design",
        "doctype": "lesson",
        "path": "Documents/shrinking-world.com/cs350/lesson/14.md",
        "folder": 7
    }
},
{
    "model": "course.content",
    "pk": 29,
    "fields": {
        "course": 1,
        "order": 15,
        "title": "Lesson 15 - Milestone #4 - Code",
        "doctype": "lesson",
        "path": "Documents/shrinking-world.com/cs350/lesson/15.md",
        "folder": 8
    }
},
{
    "model": "course.content",
    "pk": 30,
    "fields": {
        "course": 1,
        "order": 16,
        "title": "Lesson 16 - Milestone #4 - Test",
        "doctype": "lesson",
        "path": "Documents/shrinking-world.com/cs350/lesson/16.md",
        "folder": 8
    }
},
{
    "model": "course.content",
    "pk": 31,
    "fields": {
        "course": 1,
        "order": 17,
        "title": "Lesson 17 - Milestone #5 - Requirements",
        "doctype": "lesson",
        "path": "Documents/shrinking-world.com/cs350/lesson/17.md",
        "folder": 9
    }
},
{
    "model": "course.content",
    "pk": 32,
    "fields": {
        "course": 1,
        "order": 18,
        "title": "Lesson 18 - Milestone #5 - Design",
        "doctype": "lesson",
        "path": "Documents/shrinking-world.com/cs350/lesson/18.md",
        "folder": 9
    }
},
{
    "model": "course.content",
    "pk": 33,
    "fields": {
        "course": 1,
        "order": 19,
        "title": "Lesson 19 - Milestone #5 - Code",
        "doctype": "lesson",
        "path": "Documents/shrinking-world.com/cs350/lesson/19.md",
        "folder": 10
    }
},
{
    "model": "course.content",
    "pk": 34,
    "fields": {
        "course": 1,
        "order": 20,
        "title": "Lesson 20 - Milestone #5 - Test",
        "doctype": "lesson",
        "path": "Documents/shrinking-world.com/cs350/lesson/20.md",
        "folder": 10
    }
},
{
    "model": "course.content",
    "pk": 35,
    "fields": {
        "course": 1,
        "order": 21,
        "title": "Lesson 21 - Milestone #6 - Requirements",
        "doctype": "lesson",
        "path": "Documents/shrinking-world.com/cs350/lesson/21.md",
        "folder": 11
    }
},
{
    "model": "course.content",
    "pk": 36,
    "fields": {
        "course": 1,
        "order": 22,
        "title": "Lesson 22 - Milestone #6 - Design",
        "doctype": "lesson",
        "path": "Documents/shrinking-world.com/cs350/lesson/22.md",
        "folder": 11
    }
},
{
    "model": "course.content",
    "pk": 37,
    "fields": {
        "course": 1,
        "order": 23,
        "title": "Lesson 23 - Milestone #6 - Code",
        "doctype": "lesson",
        "path": "Documents/shrinking-world.com/cs350/lesson/23.md",
        "folder": 12
    }
},
{
    "model": "course.content",
    "pk": 38,
    "fields": {
        "course": 1,
        "order": 24,
        "title": "Lesson 24 - Milestone #6 - Test",
        "doctype": "lesson",
        "path": "Documents/shrinking-world.com/cs350/lesson/24.md",
        "folder": 12
    }
},
{
    "model": "course.content",
    "pk": 39,
    "fields": {
        "course": 1,
        "order": 25,
        "title": "Lesson 25 - Milestone #7 - Requirements",
        "doctype": "lesson",
        "path": "Documents/shrinking-world.com/cs350/lesson/25.md",
        "folder": 13
    }
},
{
    "model": "course.content",
    "pk": 40,
    "fields": {
        "course": 1,
        "order": 26,
        "title": "Lesson 26 - Milestone #7 - Design",
        "doctype": "lesson",
        "path": "Documents/shrinking-world.com/cs350/lesson/26.md",
        "folder": 13
    }
},
{
    "model": "course.content",
    "pk": 41,
    "fields": {
        "course": 1,
        "order": 27,
        "title": "Lesson 27 - Milestone #7 - Code",
        "doctype": "lesson",
        "path": "Documents/shrinking-world.com/cs350/lesson/27.md",
        "folder": 14
    }
},
{
    "model": "course.content",
    "pk": 42,
    "fields": {
        "course": 1,
        "order": 28,
        "title": "Lesson 28 - Milestone #7 - Test",
        "doctype": "lesson",
        "path": "Documents/shrinking-world.com/cs350/lesson/28.md",
        "folder": 14
    }
},
{
    "model": "course.content",
    "pk": 43,
    "fields": {
        "course": 2,
        "order": 1,
        "title": "Week 1",
        "doctype": "week",
        "path": null,
        "folder": null
    }
},
{
    "model": "course.content",
    "pk": 44,
    "fields": {
        "course": 2,
        "order": 2,
        "title": "Week 2",
        "doctype": "week",
        "path": null,
        "folder": null
    }
},
{
    "model": "course.content",
    "pk": 45,
    "fields": {
        "course": 2,
        "order": 3,
        "title": "Week 3",
        "doctype": "week",
        "path": null,
        "folder": null
    }
},
{
    "model": "course.content",
    "pk": 46,
    "fields": {
        "course": 2,
        "order": 4,
        "title": "Week 4",
        "doctype": "week",
        "path": null,
        "folder": null
    }
},
{
    "model": "course.content",
    "pk": 47,
    "fields": {
        "course": 2,
        "order": 5,
        "title": "Week 5",
        "doctype": "week",
        "path": null,
        "folder": null
    }
},
{
    "model": "course.content",
    "pk": 48,
    "fields": {
        "course": 2,
        "order": 6,
        "title": "Week 6",
        "doctype": "week",
        "path": null,
        "folder": null
    }
},
{
    "model": "course.content",
    "pk": 49,
    "fields": {
        "course": 2,
        "order": 7,
        "title": "Week 7",
        "doctype": "week",
        "path": null,
        "folder": null
    }
},
{
    "model": "course.content",
    "pk": 50,
    "fields": {
        "course": 2,
        "order": 8,
        "title": "Week 8",
        "doctype": "week",
        "path": null,
        "folder": null
    }
},
{
    "model": "course.content",
    "pk": 51,
    "fields": {
        "course": 2,
        "order": 9,
        "title": "Week 9",
        "doctype": "week",
        "path": null,
        "folder": null
    }
},
{
    "model": "course.content",
    "pk": 52,
    "fields": {
        "course": 2,
        "order": 10,
        "title": "Week 10",
        "doctype": "week",
        "path": null,
        "folder": null
    }
},
{
    "model": "course.content",
    "pk": 53,
    "fields": {
        "course": 2,
        "order": 11,
        "title": "Week 11",
        "doctype": "week",
        "path": null,
        "folder": null
    }
},
{
    "model": "course.content",
    "pk": 54,
    "fields": {
        "course": 2,
        "order": 12,
        "title": "Week 12",
        "doctype": "week",
        "path": null,
        "folder": null
    }
},
{
    "model": "course.content",
    "pk": 55,
    "fields": {
        "course": 2,
        "order": 13,
        "title": "Week 13",
        "doctype": "week",
        "path": null,
        "folder": null
    }
},
{
    "model": "course.content",
    "pk": 56,
    "fields": {
        "course": 2,
        "order": 14,
        "title": "Week 14",
        "doctype": "week",
        "path": null,
        "folder": null
    }
},
{
    "model": "course.content",
    "pk": 57,
    "fields": {
        "course": 2,
        "order": 1,
        "title": "Chapter 1 - Development Tools",
        "doctype": "chapter",
        "path": "Documents/shrinking-world.com/bacs350/chapter/01.md",
        "folder": 43
    }
},
{
    "model": "course.content",
    "pk": 58,
    "fields": {
        "course": 2,
        "order": 1,
        "title": " Demo 1 - Profile App",
        "doctype": "demo",
        "path": "Documents/shrinking-world.com/bacs350/demo/01.md",
        "folder": 43
    }
},
{
    "model": "course.content",
    "pk": 59,
    "fields": {
        "course": 2,
        "order": 1,
        "title": " Project 1 - Setup Development Tools",
        "doctype": "project",
        "path": "Documents/shrinking-world.com/bacs350/project/01.md",
        "folder": 43
    }
},
{
    "model": "course.content",
    "pk": 60,
    "fields": {
        "course": 2,
        "order": 1,
        "title": " Skill 1 - Visual Studio Code & Github",
        "doctype": "skill",
        "path": "Documents/shrinking-world.com/bacs350/skill/01.md",
        "folder": 43
    }
},
{
    "model": "course.content",
    "pk": 61,
    "fields": {
        "course": 2,
        "order": 2,
        "title": " Skill 2 - Setup Python Environment",
        "doctype": "skill",
        "path": "Documents/shrinking-world.com/bacs350/skill/02.md",
        "folder": 43
    }
},
{
    "model": "course.content",
    "pk": 62,
    "fields": {
        "course": 2,
        "order": 3,
        "title": " Skill 3 - Running a Django Application",
        "doctype": "skill",
        "path": "Documents/shrinking-world.com/bacs350/skill/03.md",
        "folder": 43
    }
},
{
    "model": "course.content",
    "pk": 63,
    "fields": {
        "course": 2,
        "order": 1,
        "title": "Lesson 1 - Intermediate Web Development",
        "doctype": "lesson",
        "path": "Documents/shrinking-world.com/bacs350/lesson/01.md",
        "folder": 43
    }
},
{
    "model": "course.content",
    "pk": 64,
    "fields": {
        "course": 2,
        "order": 2,
        "title": "Lesson 2 - Development Tools",
        "doctype": "lesson",
        "path": "Documents/shrinking-world.com/bacs350/lesson/02.md",
        "folder": 43
    }
},
{
    "model": "course.content",
    "pk": 65,
    "fields": {
        "course": 2,
        "order": 2,
        "title": "Chapter 2 - Application Hosting",
        "doctype": "chapter",
        "path": "Documents/shrinking-world.com/bacs350/chapter/02.md",
        "folder": 44
    }
},
{
    "model": "course.content",
    "pk": 66,
    "fields": {
        "course": 2,
        "order": 2,
        "title": " Demo 2 - App Platform Deployment",
        "doctype": "demo",
        "path": "Documents/shrinking-world.com/bacs350/demo/02.md",
        "folder": 44
    }
},
{
    "model": "course.content",
    "pk": 67,
    "fields": {
        "course": 2,
        "order": 2,
        "title": " Project 2 - Web App Hosting",
        "doctype": "project",
        "path": "Documents/shrinking-world.com/bacs350/project/02.md",
        "folder": 44
    }
},
{
    "model": "course.content",
    "pk": 68,
    "fields": {
        "course": 2,
        "order": 4,
        "title": " Skill 4 - Deploy a Static Web Server",
        "doctype": "skill",
        "path": "Documents/shrinking-world.com/bacs350/skill/04.md",
        "folder": 44
    }
},
{
    "model": "course.content",
    "pk": 69,
    "fields": {
        "course": 2,
        "order": 5,
        "title": " Skill 5 - Deploy to Development Server",
        "doctype": "skill",
        "path": "Documents/shrinking-world.com/bacs350/skill/05.md",
        "folder": 44
    }
},
{
    "model": "course.content",
    "pk": 70,
    "fields": {
        "course": 2,
        "order": 6,
        "title": " Skill 6 - Deploy to Production Server",
        "doctype": "skill",
        "path": "Documents/shrinking-world.com/bacs350/skill/06.md",
        "folder": 44
    }
},
{
    "model": "course.content",
    "pk": 71,
    "fields": {
        "course": 2,
        "order": 3,
        "title": "Lesson 3 - Application Hosting",
        "doctype": "lesson",
        "path": "Documents/shrinking-world.com/bacs350/lesson/03.md",
        "folder": 44
    }
},
{
    "model": "course.content",
    "pk": 72,
    "fields": {
        "course": 2,
        "order": 4,
        "title": "Lesson 4 - Setup App Platform",
        "doctype": "lesson",
        "path": "Documents/shrinking-world.com/bacs350/lesson/04.md",
        "folder": 44
    }
},
{
    "model": "course.content",
    "pk": 73,
    "fields": {
        "course": 2,
        "order": 3,
        "title": "Chapter 3 - Basic Application",
        "doctype": "chapter",
        "path": "Documents/shrinking-world.com/bacs350/chapter/03.md",
        "folder": 45
    }
},
{
    "model": "course.content",
    "pk": 74,
    "fields": {
        "course": 2,
        "order": 3,
        "title": " Demo 3 - Debugging with Visual Studio",
        "doctype": "demo",
        "path": "Documents/shrinking-world.com/bacs350/demo/03.md",
        "folder": 45
    }
},
{
    "model": "course.content",
    "pk": 75,
    "fields": {
        "course": 2,
        "order": 3,
        "title": " Project 3 - Superhero Pages",
        "doctype": "project",
        "path": "Documents/shrinking-world.com/bacs350/project/03.md",
        "folder": 45
    }
},
{
    "model": "course.content",
    "pk": 76,
    "fields": {
        "course": 2,
        "order": 7,
        "title": "  Skill 7 - Create a Django App",
        "doctype": "skill",
        "path": "Documents/shrinking-world.com/bacs350/skill/07.md",
        "folder": 45
    }
},
{
    "model": "course.content",
    "pk": 77,
    "fields": {
        "course": 2,
        "order": 8,
        "title": "  Skill 8 - View with Variables",
        "doctype": "skill",
        "path": "Documents/shrinking-world.com/bacs350/skill/08.md",
        "folder": 45
    }
},
{
    "model": "course.content",
    "pk": 78,
    "fields": {
        "course": 2,
        "order": 9,
        "title": "  Skill 9 - Add Variables to View",
        "doctype": "skill",
        "path": "Documents/shrinking-world.com/bacs350/skill/09.md",
        "folder": 45
    }
},
{
    "model": "course.content",
    "pk": 79,
    "fields": {
        "course": 2,
        "order": 5,
        "title": "Lesson 5 - Basic Django Application",
        "doctype": "lesson",
        "path": "Documents/shrinking-world.com/bacs350/lesson/05.md",
        "folder": 45
    }
},
{
    "model": "course.content",
    "pk": 80,
    "fields": {
        "course": 2,
        "order": 6,
        "title": "Lesson 6 - Create a Django Project",
        "doctype": "lesson",
        "path": "Documents/shrinking-world.com/bacs350/lesson/06.md",
        "folder": 45
    }
},
{
    "model": "course.content",
    "pk": 81,
    "fields": {
        "course": 2,
        "order": 4,
        "title": "Chapter 4 - Views",
        "doctype": "chapter",
        "path": "Documents/shrinking-world.com/bacs350/chapter/04.md",
        "folder": 46
    }
},
{
    "model": "course.content",
    "pk": 82,
    "fields": {
        "course": 2,
        "order": 4,
        "title": " Demo 4 - Visual Inheritance",
        "doctype": "demo",
        "path": "Documents/shrinking-world.com/bacs350/demo/04.md",
        "folder": 46
    }
},
{
    "model": "course.content",
    "pk": 83,
    "fields": {
        "course": 2,
        "order": 4,
        "title": " Project 4 - Superhero Profiles",
        "doctype": "project",
        "path": "Documents/shrinking-world.com/bacs350/project/04.md",
        "folder": 46
    }
},
{
    "model": "course.content",
    "pk": 84,
    "fields": {
        "course": 2,
        "order": 10,
        "title": " Skill 10 - View Inheritance",
        "doctype": "skill",
        "path": "Documents/shrinking-world.com/bacs350/skill/10.md",
        "folder": 46
    }
},
{
    "model": "course.content",
    "pk": 85,
    "fields": {
        "course": 2,
        "order": 11,
        "title": " Skill 11 - Templates",
        "doctype": "skill",
        "path": "Documents/shrinking-world.com/bacs350/skill/11.md",
        "folder": 46
    }
},
{
    "model": "course.content",
    "pk": 86,
    "fields": {
        "course": 2,
        "order": 12,
        "title": " Skill 12 - Complex Variables in Views",
        "doctype": "skill",
        "path": "Documents/shrinking-world.com/bacs350/skill/12.md",
        "folder": 46
    }
},
{
    "model": "course.content",
    "pk": 87,
    "fields": {
        "course": 2,
        "order": 7,
        "title": "Lesson 7 - Creating Views",
        "doctype": "lesson",
        "path": "Documents/shrinking-world.com/bacs350/lesson/07.md",
        "folder": 46
    }
},
{
    "model": "course.content",
    "pk": 88,
    "fields": {
        "course": 2,
        "order": 8,
        "title": "Lesson 8 - Creating Views",
        "doctype": "lesson",
        "path": "Documents/shrinking-world.com/bacs350/lesson/08.md",
        "folder": 46
    }
},
{
    "model": "course.content",
    "pk": 89,
    "fields": {
        "course": 2,
        "order": 5,
        "title": "Chapter 5 - Data",
        "doctype": "chapter",
        "path": "Documents/shrinking-world.com/bacs350/chapter/05.md",
        "folder": 47
    }
},
{
    "model": "course.content",
    "pk": 90,
    "fields": {
        "course": 2,
        "order": 5,
        "title": " Demo 5 - Working with Data",
        "doctype": "demo",
        "path": "Documents/shrinking-world.com/bacs350/demo/05.md",
        "folder": 47
    }
},
{
    "model": "course.content",
    "pk": 91,
    "fields": {
        "course": 2,
        "order": 5,
        "title": " Project 5 - Superhero Database",
        "doctype": "project",
        "path": "Documents/shrinking-world.com/bacs350/project/05.md",
        "folder": 47
    }
},
{
    "model": "course.content",
    "pk": 92,
    "fields": {
        "course": 2,
        "order": 13,
        "title": " Skill 13 - Build Data Models",
        "doctype": "skill",
        "path": "Documents/shrinking-world.com/bacs350/skill/13.md",
        "folder": 47
    }
},
{
    "model": "course.content",
    "pk": 93,
    "fields": {
        "course": 2,
        "order": 14,
        "title": " Skill 14 - List and Detail Views",
        "doctype": "skill",
        "path": "Documents/shrinking-world.com/bacs350/skill/14.md",
        "folder": 47
    }
},
{
    "model": "course.content",
    "pk": 94,
    "fields": {
        "course": 2,
        "order": 15,
        "title": " Skill 15 - Admin Views",
        "doctype": "skill",
        "path": "Documents/shrinking-world.com/bacs350/skill/15.md",
        "folder": 47
    }
},
{
    "model": "course.content",
    "pk": 95,
    "fields": {
        "course": 2,
        "order": 9,
        "title": "Lesson 9 - Database Basics",
        "doctype": "lesson",
        "path": "Documents/shrinking-world.com/bacs350/lesson/09.md",
        "folder": 47
    }
},
{
    "model": "course.content",
    "pk": 96,
    "fields": {
        "course": 2,
        "order": 10,
        "title": "Lesson 10 - Database Basics",
        "doctype": "lesson",
        "path": "Documents/shrinking-world.com/bacs350/lesson/10.md",
        "folder": 47
    }
},
{
    "model": "course.content",
    "pk": 97,
    "fields": {
        "course": 2,
        "order": 6,
        "title": "Chapter 6 - Data views",
        "doctype": "chapter",
        "path": "Documents/shrinking-world.com/bacs350/chapter/06.md",
        "folder": 48
    }
},
{
    "model": "course.content",
    "pk": 98,
    "fields": {
        "course": 2,
        "order": 6,
        "title": " Demo 6 - Blog",
        "doctype": "demo",
        "path": "Documents/shrinking-world.com/bacs350/demo/06.md",
        "folder": 48
    }
},
{
    "model": "course.content",
    "pk": 99,
    "fields": {
        "course": 2,
        "order": 6,
        "title": " Project 6 - Superhero Data Views",
        "doctype": "project",
        "path": "Documents/shrinking-world.com/bacs350/project/06.md",
        "folder": 48
    }
},
{
    "model": "course.content",
    "pk": 100,
    "fields": {
        "course": 2,
        "order": 16,
        "title": " Skill 16 - Data CRUD views",
        "doctype": "skill",
        "path": "Documents/shrinking-world.com/bacs350/skill/16.md",
        "folder": 48
    }
},
{
    "model": "course.content",
    "pk": 101,
    "fields": {
        "course": 2,
        "order": 17,
        "title": " Skill 17 - Development Database",
        "doctype": "skill",
        "path": "Documents/shrinking-world.com/bacs350/skill/17.md",
        "folder": 48
    }
},
{
    "model": "course.content",
    "pk": 102,
    "fields": {
        "course": 2,
        "order": 18,
        "title": " Skill 18 - Production Database",
        "doctype": "skill",
        "path": "Documents/shrinking-world.com/bacs350/skill/18.md",
        "folder": 48
    }
},
{
    "model": "course.content",
    "pk": 103,
    "fields": {
        "course": 2,
        "order": 11,
        "title": "Lesson 11 - Data Views",
        "doctype": "lesson",
        "path": "Documents/shrinking-world.com/bacs350/lesson/11.md",
        "folder": 48
    }
},
{
    "model": "course.content",
    "pk": 104,
    "fields": {
        "course": 2,
        "order": 12,
        "title": "Lesson 12 - Data Views",
        "doctype": "lesson",
        "path": "Documents/shrinking-world.com/bacs350/lesson/12.md",
        "folder": 48
    }
},
{
    "model": "course.content",
    "pk": 105,
    "fields": {
        "course": 2,
        "order": 7,
        "title": "Chapter 7 - Users",
        "doctype": "chapter",
        "path": "Documents/shrinking-world.com/bacs350/chapter/07.md",
        "folder": 49
    }
},
{
    "model": "course.content",
    "pk": 106,
    "fields": {
        "course": 2,
        "order": 7,
        "title": " Demo 7 - Blog Authors",
        "doctype": "demo",
        "path": "Documents/shrinking-world.com/bacs350/demo/07.md",
        "folder": 49
    }
},
{
    "model": "course.content",
    "pk": 107,
    "fields": {
        "course": 2,
        "order": 7,
        "title": " Project 7 - User Authentication",
        "doctype": "project",
        "path": "Documents/shrinking-world.com/bacs350/project/07.md",
        "folder": 49
    }
},
{
    "model": "course.content",
    "pk": 108,
    "fields": {
        "course": 2,
        "order": 19,
        "title": " Skill 19 - User Registration",
        "doctype": "skill",
        "path": "Documents/shrinking-world.com/bacs350/skill/19.md",
        "folder": 49
    }
},
{
    "model": "course.content",
    "pk": 109,
    "fields": {
        "course": 2,
        "order": 20,
        "title": " Skill 20 - User Login",
        "doctype": "skill",
        "path": "Documents/shrinking-world.com/bacs350/skill/20.md",
        "folder": 49
    }
},
{
    "model": "course.content",
    "pk": 110,
    "fields": {
        "course": 2,
        "order": 21,
        "title": " Skill 21 - User Status",
        "doctype": "skill",
        "path": "Documents/shrinking-world.com/bacs350/skill/21.md",
        "folder": 49
    }
},
{
    "model": "course.content",
    "pk": 111,
    "fields": {
        "course": 2,
        "order": 13,
        "title": "Lesson 13 - Users",
        "doctype": "lesson",
        "path": "Documents/shrinking-world.com/bacs350/lesson/13.md",
        "folder": 49
    }
},
{
    "model": "course.content",
    "pk": 112,
    "fields": {
        "course": 2,
        "order": 14,
        "title": "Lesson 14 - Users",
        "doctype": "lesson",
        "path": "Documents/shrinking-world.com/bacs350/lesson/14.md",
        "folder": 49
    }
},
{
    "model": "course.content",
    "pk": 113,
    "fields": {
        "course": 2,
        "order": 8,
        "title": "Chapter 8 - Testing",
        "doctype": "chapter",
        "path": "Documents/shrinking-world.com/bacs350/chapter/08.md",
        "folder": 50
    }
},
{
    "model": "course.content",
    "pk": 114,
    "fields": {
        "course": 2,
        "order": 8,
        "title": " Demo 8 - Automated Testing",
        "doctype": "demo",
        "path": "Documents/shrinking-world.com/bacs350/demo/08.md",
        "folder": 50
    }
},
{
    "model": "course.content",
    "pk": 115,
    "fields": {
        "course": 2,
        "order": 8,
        "title": " Project 8 - Superhero Articles",
        "doctype": "project",
        "path": "Documents/shrinking-world.com/bacs350/project/08.md",
        "folder": 50
    }
},
{
    "model": "course.content",
    "pk": 116,
    "fields": {
        "course": 2,
        "order": 22,
        "title": " Skill 22 - Writing Data Tests",
        "doctype": "skill",
        "path": "Documents/shrinking-world.com/bacs350/skill/22.md",
        "folder": 50
    }
},
{
    "model": "course.content",
    "pk": 117,
    "fields": {
        "course": 2,
        "order": 23,
        "title": " Skill 23 - Writing View Tests",
        "doctype": "skill",
        "path": "Documents/shrinking-world.com/bacs350/skill/23.md",
        "folder": 50
    }
},
{
    "model": "course.content",
    "pk": 118,
    "fields": {
        "course": 2,
        "order": 24,
        "title": " Skill 24 - Writing Page Tests",
        "doctype": "skill",
        "path": "Documents/shrinking-world.com/bacs350/skill/24.md",
        "folder": 50
    }
},
{
    "model": "course.content",
    "pk": 119,
    "fields": {
        "course": 2,
        "order": 15,
        "title": "Lesson 15 - Testing",
        "doctype": "lesson",
        "path": "Documents/shrinking-world.com/bacs350/lesson/15.md",
        "folder": 50
    }
},
{
    "model": "course.content",
    "pk": 120,
    "fields": {
        "course": 2,
        "order": 16,
        "title": "Lesson 16 - Test-Driven Development",
        "doctype": "lesson",
        "path": "Documents/shrinking-world.com/bacs350/lesson/16.md",
        "folder": 50
    }
},
{
    "model": "course.content",
    "pk": 121,
    "fields": {
        "course": 2,
        "order": 9,
        "title": "Chapter 9 - Complex Views",
        "doctype": "chapter",
        "path": "Documents/shrinking-world.com/bacs350/chapter/09.md",
        "folder": 51
    }
},
{
    "model": "course.content",
    "pk": 122,
    "fields": {
        "course": 2,
        "order": 17,
        "title": "Lesson 17 - Deploying Your Server",
        "doctype": "lesson",
        "path": "Documents/shrinking-world.com/bacs350/lesson/17.md",
        "folder": 51
    }
},
{
    "model": "course.content",
    "pk": 123,
    "fields": {
        "course": 2,
        "order": 18,
        "title": "Lesson 18 - Working with Data",
        "doctype": "lesson",
        "path": "Documents/shrinking-world.com/bacs350/lesson/18.md",
        "folder": 51
    }
},
{
    "model": "course.content",
    "pk": 124,
    "fields": {
        "course": 2,
        "order": 9,
        "title": " Project 9 - Production Database",
        "doctype": "project",
        "path": "Documents/shrinking-world.com/bacs350/project/09.md",
        "folder": 51
    }
},
{
    "model": "course.content",
    "pk": 125,
    "fields": {
        "course": 2,
        "order": 25,
        "title": " Skill 25 - Create a Theme Template",
        "doctype": "skill",
        "path": "Documents/shrinking-world.com/bacs350/skill/25.md",
        "folder": 51
    }
},
{
    "model": "course.content",
    "pk": 126,
    "fields": {
        "course": 2,
        "order": 26,
        "title": " Skill 26 - Simple Views",
        "doctype": "skill",
        "path": "Documents/shrinking-world.com/bacs350/skill/26.md",
        "folder": 51
    }
},
{
    "model": "course.content",
    "pk": 127,
    "fields": {
        "course": 2,
        "order": 27,
        "title": " Skill 27 - Complex Views",
        "doctype": "skill",
        "path": "Documents/shrinking-world.com/bacs350/skill/27.md",
        "folder": 51
    }
},
{
    "model": "course.content",
    "pk": 128,
    "fields": {
        "course": 2,
        "order": 10,
        "title": "Chapter 10 - Images",
        "doctype": "chapter",
        "path": "Documents/shrinking-world.com/bacs350/chapter/10.md",
        "folder": 52
    }
},
{
    "model": "course.content",
    "pk": 129,
    "fields": {
        "course": 2,
        "order": 19,
        "title": "Lesson 19 - View Components",
        "doctype": "lesson",
        "path": "Documents/shrinking-world.com/bacs350/lesson/19.md",
        "folder": 52
    }
},
{
    "model": "course.content",
    "pk": 130,
    "fields": {
        "course": 2,
        "order": 20,
        "title": "Lesson 20 - Composite Views",
        "doctype": "lesson",
        "path": "Documents/shrinking-world.com/bacs350/lesson/20.md",
        "folder": 52
    }
},
{
    "model": "course.content",
    "pk": 131,
    "fields": {
        "course": 2,
        "order": 10,
        "title": " Project 9 - Superhero Website",
        "doctype": "project",
        "path": "Documents/shrinking-world.com/bacs350/project/10.md",
        "folder": 52
    }
},
{
    "model": "course.content",
    "pk": 132,
    "fields": {
        "course": 2,
        "order": 28,
        "title": " Skill 28 - Photo upload",
        "doctype": "skill",
        "path": "Documents/shrinking-world.com/bacs350/skill/28.md",
        "folder": 52
    }
},
{
    "model": "course.content",
    "pk": 133,
    "fields": {
        "course": 2,
        "order": 29,
        "title": " Skill 29 - Media Hosting",
        "doctype": "skill",
        "path": "Documents/shrinking-world.com/bacs350/skill/29.md",
        "folder": 52
    }
},
{
    "model": "course.content",
    "pk": 134,
    "fields": {
        "course": 2,
        "order": 30,
        "title": " Skill 30 - Image carousel",
        "doctype": "skill",
        "path": "Documents/shrinking-world.com/bacs350/skill/30.md",
        "folder": 52
    }
},
{
    "model": "course.content",
    "pk": 135,
    "fields": {
        "course": 2,
        "order": 11,
        "title": "Chapter 11 - Files and Documents",
        "doctype": "chapter",
        "path": "Documents/shrinking-world.com/bacs350/chapter/11.md",
        "folder": 53
    }
},
{
    "model": "course.content",
    "pk": 136,
    "fields": {
        "course": 2,
        "order": 21,
        "title": "Lesson 21 - JSON Files",
        "doctype": "lesson",
        "path": "Documents/shrinking-world.com/bacs350/lesson/21.md",
        "folder": 53
    }
},
{
    "model": "course.content",
    "pk": 137,
    "fields": {
        "course": 2,
        "order": 22,
        "title": "Lesson 22 - CSV Files",
        "doctype": "lesson",
        "path": "Documents/shrinking-world.com/bacs350/lesson/22.md",
        "folder": 53
    }
},
{
    "model": "course.content",
    "pk": 138,
    "fields": {
        "course": 2,
        "order": 11,
        "title": " Project 11 - Superhero Documents ",
        "doctype": "project",
        "path": "Documents/shrinking-world.com/bacs350/project/11.md",
        "folder": 53
    }
},
{
    "model": "course.content",
    "pk": 139,
    "fields": {
        "course": 2,
        "order": 31,
        "title": " Skill 31 - Reading and Writing Tables",
        "doctype": "skill",
        "path": "Documents/shrinking-world.com/bacs350/skill/31.md",
        "folder": 53
    }
},
{
    "model": "course.content",
    "pk": 140,
    "fields": {
        "course": 2,
        "order": 32,
        "title": " Skill 32 - Markdown Documents ",
        "doctype": "skill",
        "path": "Documents/shrinking-world.com/bacs350/skill/32.md",
        "folder": 53
    }
},
{
    "model": "course.content",
    "pk": 141,
    "fields": {
        "course": 2,
        "order": 33,
        "title": " Skill 33 - Save and Restore Objects",
        "doctype": "skill",
        "path": "Documents/shrinking-world.com/bacs350/skill/33.md",
        "folder": 53
    }
},
{
    "model": "course.content",
    "pk": 142,
    "fields": {
        "course": 2,
        "order": 12,
        "title": "Chapter 12 - Development Process",
        "doctype": "chapter",
        "path": "Documents/shrinking-world.com/bacs350/chapter/12.md",
        "folder": 54
    }
},
{
    "model": "course.content",
    "pk": 143,
    "fields": {
        "course": 2,
        "order": 23,
        "title": "Lesson 23 - Uploading Images",
        "doctype": "lesson",
        "path": "Documents/shrinking-world.com/bacs350/lesson/23.md",
        "folder": 54
    }
},
{
    "model": "course.content",
    "pk": 144,
    "fields": {
        "course": 2,
        "order": 24,
        "title": "Lesson 24 - Displaying Images",
        "doctype": "lesson",
        "path": "Documents/shrinking-world.com/bacs350/lesson/24.md",
        "folder": 54
    }
},
{
    "model": "course.content",
    "pk": 145,
    "fields": {
        "course": 2,
        "order": 12,
        "title": " Project 12 - Superhero Image Gallery",
        "doctype": "project",
        "path": "Documents/shrinking-world.com/bacs350/project/12.md",
        "folder": 54
    }
},
{
    "model": "course.content",
    "pk": 146,
    "fields": {
        "course": 2,
        "order": 34,
        "title": " Skill 34 - Discover Requirements",
        "doctype": "skill",
        "path": "Documents/shrinking-world.com/bacs350/skill/34.md",
        "folder": 54
    }
},
{
    "model": "course.content",
    "pk": 147,
    "fields": {
        "course": 2,
        "order": 35,
        "title": " Skill 35 - Design & Coding Process",
        "doctype": "skill",
        "path": "Documents/shrinking-world.com/bacs350/skill/35.md",
        "folder": 54
    }
},
{
    "model": "course.content",
    "pk": 148,
    "fields": {
        "course": 2,
        "order": 36,
        "title": " Skill 36 - Test Driven-development",
        "doctype": "skill",
        "path": "Documents/shrinking-world.com/bacs350/skill/36.md",
        "folder": 54
    }
},
{
    "model": "course.content",
    "pk": 149,
    "fields": {
        "course": 2,
        "order": 13,
        "title": "Chapter 13 - Software Release ",
        "doctype": "chapter",
        "path": "Documents/shrinking-world.com/bacs350/chapter/13.md",
        "folder": 55
    }
},
{
    "model": "course.content",
    "pk": 150,
    "fields": {
        "course": 2,
        "order": 25,
        "title": "Lesson 25 - Application Design",
        "doctype": "lesson",
        "path": "Documents/shrinking-world.com/bacs350/lesson/25.md",
        "folder": 55
    }
},
{
    "model": "course.content",
    "pk": 151,
    "fields": {
        "course": 2,
        "order": 26,
        "title": "Lesson 26 - Code Builder",
        "doctype": "lesson",
        "path": "Documents/shrinking-world.com/bacs350/lesson/26.md",
        "folder": 55
    }
},
{
    "model": "course.content",
    "pk": 152,
    "fields": {
        "course": 2,
        "order": 13,
        "title": " Project 13 - Views Builder",
        "doctype": "project",
        "path": "Documents/shrinking-world.com/bacs350/project/13.md",
        "folder": 55
    }
},
{
    "model": "course.content",
    "pk": 153,
    "fields": {
        "course": 2,
        "order": 37,
        "title": " Skill 37 - Code Generator",
        "doctype": "skill",
        "path": "Documents/shrinking-world.com/bacs350/skill/37.md",
        "folder": 55
    }
},
{
    "model": "course.content",
    "pk": 154,
    "fields": {
        "course": 2,
        "order": 38,
        "title": " Skill 38 - Continuous Integration",
        "doctype": "skill",
        "path": "Documents/shrinking-world.com/bacs350/skill/38.md",
        "folder": 55
    }
},
{
    "model": "course.content",
    "pk": 155,
    "fields": {
        "course": 2,
        "order": 39,
        "title": " Skill 39 - DevOps Practices",
        "doctype": "skill",
        "path": "Documents/shrinking-world.com/bacs350/skill/39.md",
        "folder": 55
    }
},
{
    "model": "course.content",
    "pk": 156,
    "fields": {
        "course": 2,
        "order": 14,
        "title": "Chapter 14 - Software Engineering",
        "doctype": "chapter",
        "path": "Documents/shrinking-world.com/bacs350/chapter/14.md",
        "folder": 56
    }
},
{
    "model": "course.content",
    "pk": 157,
    "fields": {
        "course": 2,
        "order": 27,
        "title": "Lesson 27 - Software Engineering",
        "doctype": "lesson",
        "path": "Documents/shrinking-world.com/bacs350/lesson/27.md",
        "folder": 56
    }
},
{
    "model": "course.content",
    "pk": 158,
    "fields": {
        "course": 2,
        "order": 28,
        "title": "Lesson 28 - Open Source Software",
        "doctype": "lesson",
        "path": "Documents/shrinking-world.com/bacs350/lesson/28.md",
        "folder": 56
    }
},
{
    "model": "course.content",
    "pk": 159,
    "fields": {
        "course": 2,
        "order": 29,
        "title": "Next Steps",
        "doctype": "lesson",
        "path": "Documents/shrinking-world.com/bacs350/lesson/29.md",
        "folder": 56
    }
},
{
    "model": "course.content",
    "pk": 160,
    "fields": {
        "course": 2,
        "order": 14,
        "title": " Project 14 - Software Planner",
        "doctype": "project",
        "path": "Documents/shrinking-world.com/bacs350/project/14.md",
        "folder": 56
    }
},
{
    "model": "course.content",
    "pk": 161,
    "fields": {
        "course": 2,
        "order": 40,
        "title": " Skill 40 - Software Lifecycle",
        "doctype": "skill",
        "path": "Documents/shrinking-world.com/bacs350/skill/40.md",
        "folder": 56
    }
},
{
    "model": "course.content",
    "pk": 162,
    "fields": {
        "course": 2,
        "order": 41,
        "title": " Skill 41 - Planning Grid",
        "doctype": "skill",
        "path": "Documents/shrinking-world.com/bacs350/skill/41.md",
        "folder": 56
    }
},
{
    "model": "course.content",
    "pk": 163,
    "fields": {
        "course": 2,
        "order": 42,
        "title": " Skill 42 - Client Communication",
        "doctype": "skill",
        "path": "Documents/shrinking-world.com/bacs350/skill/42.md",
        "folder": 56
    }
},
{
    "model": "course.student",
    "pk": 1,
    "fields": {
        "user": 1,
        "course": 2,
        "github": "https://github.com",
        "server": "https://digitalocean.com",
        "name": "Matias Bairu",
        "email": "seathe34@gmail.com",
        "team": null
    }
},
{
    "model": "course.student",
    "pk": 2,
    "fields": {
        "user": 2,
        "course": 2,
        "github": "https://github.com",
        "server": "https://digitalocean.com",
        "name": "Dillon Blair",
        "email": "blai9954@bears.unco.edu",
        "team": null
    }
},
{
    "model": "course.student",
    "pk": 3,
    "fields": {
        "user": 3,
        "course": 2,
        "github": "https://github.com",
        "server": "https://digitalocean.com",
        "name": "John Dale",
        "email": "barr0137@bears.unco.edu",
        "team": null
    }
},
{
    "model": "course.student",
    "pk": 4,
    "fields": {
        "user": 4,
        "course": 2,
        "github": "https://github.com",
        "server": "https://digitalocean.com",
        "name": "Maya Eaton",
        "email": "mayaeeee2022@icloud.com",
        "team": null
    }
},
{
    "model": "course.student",
    "pk": 5,
    "fields": {
        "user": 5,
        "course": 2,
        "github": "https://github.com",
        "server": "https://digitalocean.com",
        "name": "Bre Gilliland",
        "email": "gill7139@bears.unco.edu",
        "team": null
    }
},
{
    "model": "course.student",
    "pk": 6,
    "fields": {
        "user": 6,
        "course": 2,
        "github": "https://github.com",
        "server": "https://digitalocean.com",
        "name": "Ethan Gimmestad",
        "email": "ethan.gimmestad@icloud.com",
        "team": null
    }
},
{
    "model": "course.student",
    "pk": 7,
    "fields": {
        "user": 7,
        "course": 2,
        "github": "https://github.com",
        "server": "https://digitalocean.com",
        "name": "Andrew Holmes",
        "email": "holm2918@bears.unco.edu",
        "team": null
    }
},
{
    "model": "course.student",
    "pk": 8,
    "fields": {
        "user": 8,
        "course": 2,
        "github": "https://github.com",
        "server": "https://digitalocean.com",
        "name": "Kaitlyn Lamgo",
        "email": "lamg1462@bears.unco.edu",
        "team": null
    }
},
{
    "model": "course.student",
    "pk": 9,
    "fields": {
        "user": 9,
        "course": 2,
        "github": "https://github.com",
        "server": "https://digitalocean.com",
        "name": "Tyler Lee",
        "email": "lee8326@bears.unco.edu",
        "team": null
    }
},
{
    "model": "course.student",
    "pk": 10,
    "fields": {
        "user": 10,
        "course": 2,
        "github": "https://github.com",
        "server": "https://digitalocean.com",
        "name": "Matthew Lessman",
        "email": "less2179@bears.unco.edu",
        "team": null
    }
},
{
    "model": "course.student",
    "pk": 11,
    "fields": {
        "user": 11,
        "course": 2,
        "github": "https://github.com",
        "server": "https://digitalocean.com",
        "name": "Ryan Lunas",
        "email": "luna0500@bears.unco.edu",
        "team": null
    }
},
{
    "model": "course.student",
    "pk": 12,
    "fields": {
        "user": 12,
        "course": 2,
        "github": "https://github.com",
        "server": "https://digitalocean.com",
        "name": "Dylan Morris",
        "email": "morr3583@bears.unco.edu",
        "team": null
    }
},
{
    "model": "course.student",
    "pk": 13,
    "fields": {
        "user": 13,
        "course": 2,
        "github": "https://github.com",
        "server": "https://digitalocean.com",
        "name": "Duaa Nakshbandi",
        "email": "naks0449@bears.unco.edu",
        "team": null
    }
},
{
    "model": "course.student",
    "pk": 14,
    "fields": {
        "user": 14,
        "course": 2,
        "github": "https://github.com",
        "server": "https://digitalocean.com",
        "name": "Ryan Ronish",
        "email": "roni0210@bears.unco.edu",
        "team": null
    }
},
{
    "model": "course.student",
    "pk": 15,
    "fields": {
        "user": 15,
        "course": 2,
        "github": "https://github.com",
        "server": "https://digitalocean.com",
        "name": "Diego Santander",
        "email": "sant8867@bears.unco.edu",
        "team": null
    }
},
{
    "model": "course.student",
    "pk": 16,
    "fields": {
        "user": 16,
        "course": 2,
        "github": "https://github.com",
        "server": "https://digitalocean.com",
        "name": "Mark Seaman",
        "email": "mark.seaman@shrinking-world.com",
        "team": null
    }
},
{
    "model": "course.student",
    "pk": 17,
    "fields": {
        "user": 17,
        "course": 2,
        "github": "https://github.com",
        "server": "https://digitalocean.com",
        "name": "Hudson Turner",
        "email": "turn4527@bears.unco.edu",
        "team": null
    }
},
{
    "model": "course.student",
    "pk": 18,
    "fields": {
        "user": 18,
        "course": 2,
        "github": "https://github.com",
        "server": "https://digitalocean.com",
        "name": "Evan Tyler",
        "email": "duff1130@bears.unco.edu",
        "team": null
    }
},
{
    "model": "course.student",
    "pk": 19,
    "fields": {
        "user": 3,
        "course": 1,
        "github": "https://github.com",
        "server": "https://digitalocean.com",
        "name": "John Dale",
        "email": "barr0137@bears.unco.edu",
        "team": null
    }
},
{
    "model": "course.student",
    "pk": 20,
    "fields": {
        "user": 19,
        "course": 1,
        "github": "https://github.com",
        "server": "https://digitalocean.com",
        "name": "Josh Flatt",
        "email": "josh.m.flatt@gmail.com",
        "team": null
    }
},
{
    "model": "course.student",
    "pk": 21,
    "fields": {
        "user": 20,
        "course": 1,
        "github": "https://github.com",
        "server": "https://digitalocean.com",
        "name": "Kyle Garrett",
        "email": "long4324@bears.unco.edu",
        "team": null
    }
},
{
    "model": "course.student",
    "pk": 22,
    "fields": {
        "user": 21,
        "course": 1,
        "github": "https://github.com",
        "server": "https://digitalocean.com",
        "name": "Katie Haney-Osborn",
        "email": "haneykat2000@gmail.com",
        "team": null
    }
},
{
    "model": "course.student",
    "pk": 23,
    "fields": {
        "user": 22,
        "course": 1,
        "github": "https://github.com",
        "server": "https://digitalocean.com",
        "name": "Alex Hart",
        "email": "alexhart3000@gmail.com",
        "team": null
    }
},
{
    "model": "course.student",
    "pk": 24,
    "fields": {
        "user": 23,
        "course": 1,
        "github": "https://github.com",
        "server": "https://digitalocean.com",
        "name": "Seth Hatch",
        "email": "hatc9004@bears.unco.edu",
        "team": null
    }
},
{
    "model": "course.student",
    "pk": 25,
    "fields": {
        "user": 24,
        "course": 1,
        "github": "https://github.com",
        "server": "https://digitalocean.com",
        "name": "Alex Hovick",
        "email": "hovi8403@bears.unco.edu",
        "team": null
    }
},
{
    "model": "course.student",
    "pk": 26,
    "fields": {
        "user": 25,
        "course": 1,
        "github": "https://github.com",
        "server": "https://digitalocean.com",
        "name": "Conner Hubbell",
        "email": "hubb2447@bears.unco.edu",
        "team": null
    }
},
{
    "model": "course.student",
    "pk": 27,
    "fields": {
        "user": 26,
        "course": 1,
        "github": "https://github.com",
        "server": "https://digitalocean.com",
        "name": "Shane Loewe",
        "email": "shaneloewe@gmail.com",
        "team": null
    }
},
{
    "model": "course.student",
    "pk": 28,
    "fields": {
        "user": 11,
        "course": 1,
        "github": "https://github.com",
        "server": "https://digitalocean.com",
        "name": "Ryan Lunas",
        "email": "luna0500@bears.unco.edu",
        "team": null
    }
},
{
    "model": "course.student",
    "pk": 29,
    "fields": {
        "user": 27,
        "course": 1,
        "github": "https://github.com",
        "server": "https://digitalocean.com",
        "name": "Elfaz Mandefro",
        "email": "mand0961@bears.unco.edu",
        "team": null
    }
},
{
    "model": "course.student",
    "pk": 30,
    "fields": {
        "user": 28,
        "course": 1,
        "github": "https://github.com",
        "server": "https://digitalocean.com",
        "name": "Esmeralda Mena",
        "email": "mena7940@bears.unco.edu",
        "team": null
    }
},
{
    "model": "course.student",
    "pk": 31,
    "fields": {
        "user": 29,
        "course": 1,
        "github": "https://github.com",
        "server": "https://digitalocean.com",
        "name": "Joel Nickalaus",
        "email": "lefe2549@bears.unco.edu",
        "team": null
    }
},
{
    "model": "course.student",
    "pk": 32,
    "fields": {
        "user": 16,
        "course": 1,
        "github": "https://github.com",
        "server": "https://digitalocean.com",
        "name": "Mark Seaman",
        "email": "mark.seaman@shrinking-world.com",
        "team": null
    }
},
{
    "model": "course.student",
    "pk": 33,
    "fields": {
        "user": 30,
        "course": 1,
        "github": "https://github.com",
        "server": "https://digitalocean.com",
        "name": "Maxwell Seybert",
        "email": "maxwellseybert@gmail.com",
        "team": null
    }
},
{
    "model": "course.student",
    "pk": 34,
    "fields": {
        "user": 31,
        "course": 1,
        "github": "https://github.com",
        "server": "https://digitalocean.com",
        "name": "Elmore Siahaan",
        "email": "siah5054@bears.unco.edu",
        "team": null
    }
},
{
    "model": "course.student",
    "pk": 35,
    "fields": {
        "user": 18,
        "course": 1,
        "github": "https://github.com",
        "server": "https://digitalocean.com",
        "name": "Evan Tyler",
        "email": "duff1130@bears.unco.edu",
        "team": null
    }
}
]
