[
{
    "model": "task.tasktype",
    "pk": 1,
    "fields": {
        "name": "Public"
    }
},
{
    "model": "task.tasktype",
    "pk": 2,
    "fields": {
        "name": "Work"
    }
},
{
    "model": "task.tasktype",
    "pk": 3,
    "fields": {
        "name": "Private"
    }
},
{
    "model": "task.activity",
    "pk": 1,
    "fields": {
        "name": "Family",
        "type": 1
    }
},
{
    "model": "task.activity",
    "pk": 2,
    "fields": {
        "name": "Church",
        "type": 1
    }
},
{
    "model": "task.activity",
    "pk": 3,
    "fields": {
        "name": "Innovate",
        "type": 2
    }
},
{
    "model": "task.activity",
    "pk": 4,
    "fields": {
        "name": "Teach",
        "type": 2
    }
},
{
    "model": "task.activity",
    "pk": 5,
    "fields": {
        "name": "Write",
        "type": 2
    }
},
{
    "model": "task.activity",
    "pk": 6,
    "fields": {
        "name": "Business",
        "type": 2
    }
},
{
    "model": "task.activity",
    "pk": 7,
    "fields": {
        "name": "ProMETA",
        "type": 2
    }
},
{
    "model": "task.activity",
    "pk": 8,
    "fields": {
        "name": "Fun",
        "type": 3
    }
},
{
    "model": "task.activity",
    "pk": 9,
    "fields": {
        "name": "Grow",
        "type": 3
    }
},
{
    "model": "task.task",
    "pk": 371,
    "fields": {
        "name": "Grow",
        "activity": 9,
        "notes": "    walk",
        "date": "2023-08-26",
        "hours": 1,
        "done": false
    }
},
{
    "model": "task.task",
    "pk": 372,
    "fields": {
        "name": "Teach",
        "activity": 4,
        "notes": "    ideas for Student Project Workspace\n    design for Student Project Workspace\n    URLs (/course/<int:course>/<int:student>/<int:project>/<int:docs>)\n    create workspace code with TDD",
        "date": "2023-08-26",
        "hours": 9,
        "done": false
    }
},
{
    "model": "task.task",
    "pk": 373,
    "fields": {
        "name": "Family",
        "activity": 1,
        "notes": "    family celebration with Josiah",
        "date": "2023-08-26",
        "hours": 4,
        "done": false
    }
},
{
    "model": "task.task",
    "pk": 374,
    "fields": {
        "name": "Grow",
        "activity": 9,
        "notes": "    walk\n    nap",
        "date": "2023-08-27",
        "hours": 1,
        "done": false
    }
},
{
    "model": "task.task",
    "pk": 375,
    "fields": {
        "name": "Church",
        "activity": 2,
        "notes": "    church service",
        "date": "2023-08-27",
        "hours": 4,
        "done": false
    }
},
{
    "model": "task.task",
    "pk": 376,
    "fields": {
        "name": "Family",
        "activity": 1,
        "notes": "    visit UNC with Lancasters",
        "date": "2023-08-27",
        "hours": 3,
        "done": false
    }
},
{
    "model": "task.task",
    "pk": 377,
    "fields": {
        "name": "Teach",
        "activity": 4,
        "notes": "    build email login",
        "date": "2023-08-27",
        "hours": 2,
        "done": false
    }
},
{
    "model": "task.task",
    "pk": 378,
    "fields": {
        "name": "Fun",
        "activity": 8,
        "notes": "    White Collar",
        "date": "2023-08-27",
        "hours": 4,
        "done": false
    }
},
{
    "model": "task.task",
    "pk": 509,
    "fields": {
        "name": "Teach",
        "activity": 4,
        "notes": "    Josiah speaks at both classes\n    server builds will not complete\n    problems with class preparation",
        "date": "2023-08-28",
        "hours": 10,
        "done": false
    }
},
{
    "model": "task.task",
    "pk": 510,
    "fields": {
        "name": "Grow",
        "activity": 9,
        "notes": "    walk",
        "date": "2023-08-28",
        "hours": 1,
        "done": false
    }
},
{
    "model": "task.task",
    "pk": 511,
    "fields": {
        "name": "Fun",
        "activity": 8,
        "notes": "    read books\n    buy American Nations",
        "date": "2023-08-28",
        "hours": 3,
        "done": false
    }
},
{
    "model": "task.task",
    "pk": 512,
    "fields": {
        "name": "Grow",
        "activity": 9,
        "notes": "    walk",
        "date": "2023-08-29",
        "hours": 1,
        "done": false
    }
},
{
    "model": "task.task",
    "pk": 513,
    "fields": {
        "name": "Family",
        "activity": 1,
        "notes": "    Sol de Jalisco with Lancasters",
        "date": "2023-08-29",
        "hours": 2,
        "done": false
    }
},
{
    "model": "task.task",
    "pk": 514,
    "fields": {
        "name": "Innovate",
        "activity": 3,
        "notes": "    work on server problem",
        "date": "2023-08-29",
        "hours": 10,
        "done": false
    }
},
{
    "model": "task.task",
    "pk": 515,
    "fields": {
        "name": "Fun",
        "activity": 8,
        "notes": "    Games",
        "date": "2023-08-29",
        "hours": 1,
        "done": false
    }
},
{
    "model": "task.task",
    "pk": 516,
    "fields": {
        "name": "Grow",
        "activity": 9,
        "notes": "    personal crisis\n    ",
        "date": "2023-08-30",
        "hours": 1,
        "done": false
    }
},
{
    "model": "task.task",
    "pk": 517,
    "fields": {
        "name": "Teach",
        "activity": 4,
        "notes": "    work on server issue at Digital Ocean",
        "date": "2023-08-30",
        "hours": 10,
        "done": false
    }
},
{
    "model": "task.task",
    "pk": 518,
    "fields": {
        "name": "Family",
        "activity": 1,
        "notes": "    Stacie has bike tire blowout",
        "date": "2023-08-30",
        "hours": 1,
        "done": false
    }
},
{
    "model": "task.task",
    "pk": 519,
    "fields": {
        "name": "Fun",
        "activity": 8,
        "notes": "    Ahsoka",
        "date": "2023-08-30",
        "hours": 2,
        "done": false
    }
},
{
    "model": "task.task",
    "pk": 520,
    "fields": {
        "name": "Innovate",
        "activity": 3,
        "notes": "    resolve server deployment issue\n    change build script \n    write Julio",
        "date": "2023-08-31",
        "hours": 2,
        "done": false
    }
},
{
    "model": "task.task",
    "pk": 521,
    "fields": {
        "name": "Family",
        "activity": 1,
        "notes": "    trip to Estes Park with Lancasters\n    walk around Lilly Lake",
        "date": "2023-08-31",
        "hours": 9,
        "done": false
    }
},
{
    "model": "task.task",
    "pk": 522,
    "fields": {
        "name": "Grow",
        "activity": 9,
        "notes": "    nap",
        "date": "2023-08-31",
        "hours": 1,
        "done": false
    }
},
{
    "model": "task.task",
    "pk": 523,
    "fields": {
        "name": "Fun",
        "activity": 8,
        "notes": "    watch TV with Stacie",
        "date": "2023-08-31",
        "hours": 2,
        "done": false
    }
},
{
    "model": "task.task",
    "pk": 524,
    "fields": {
        "name": "Grow",
        "activity": 9,
        "notes": "    \n    record time\n    walk\n    watch balloons launch\n    self awareness and emotional needs",
        "date": "2023-09-01",
        "hours": 3,
        "done": false
    }
},
{
    "model": "task.task",
    "pk": 525,
    "fields": {
        "name": "Innovate",
        "activity": 3,
        "notes": "    create import view to build pubs, courses, students\n    update code on Digital Ocean\n    fix issue with SHRINKING-WORLD-PUBS var\n    remove Student data model\n    add Student data model\n    iterations on production server\n    exception handling",
        "date": "2023-09-01",
        "hours": 6,
        "done": false
    }
},
{
    "model": "task.task",
    "pk": 526,
    "fields": {
        "name": "Teach",
        "activity": 4,
        "notes": "    communicate with students",
        "date": "2023-09-01",
        "hours": 1,
        "done": false
    }
},
{
    "model": "task.task",
    "pk": 527,
    "fields": {
        "name": "Family",
        "activity": 1,
        "notes": "    visit with Duke and Marie\n    ",
        "date": "2023-09-01",
        "hours": 4,
        "done": false
    }
},
{
    "model": "task.task",
    "pk": 528,
    "fields": {
        "name": "Fun",
        "activity": 8,
        "notes": "    watch hot air balloon launch",
        "date": "2023-09-02",
        "hours": 4,
        "done": false
    }
},
{
    "model": "task.task",
    "pk": 529,
    "fields": {
        "name": "Family",
        "activity": 1,
        "notes": "    pick up Stacie's Trike\n    my birthday party",
        "date": "2023-09-02",
        "hours": 6,
        "done": false
    }
},
{
    "model": "task.task",
    "pk": 530,
    "fields": {
        "name": "ProMETA",
        "activity": 7,
        "notes": "    user construction design pattern",
        "date": "2023-09-02",
        "hours": 4,
        "done": false
    }
},
{
    "model": "task.task",
    "pk": 531,
    "fields": {
        "name": "Church",
        "activity": 2,
        "notes": "    church in Greeley\n    talk with Duke  ",
        "date": "2023-09-03",
        "hours": 7,
        "done": false
    }
},
{
    "model": "task.task",
    "pk": 532,
    "fields": {
        "name": "Family",
        "activity": 1,
        "notes": "    time with Stacie",
        "date": "2023-09-03",
        "hours": 2,
        "done": false
    }
},
{
    "model": "task.task",
    "pk": 533,
    "fields": {
        "name": "Grow",
        "activity": 9,
        "notes": "    nap",
        "date": "2023-09-03",
        "hours": 1,
        "done": false
    }
},
{
    "model": "task.task",
    "pk": 534,
    "fields": {
        "name": "Fun",
        "activity": 8,
        "notes": "    balloon festival\n    Jupiter's Legacy",
        "date": "2023-09-03",
        "hours": 4,
        "done": false
    }
},
{
    "model": "task.task",
    "pk": 609,
    "fields": {
        "name": "Write",
        "activity": 5,
        "notes": "    Subscribe to ghost.org\n    Learn about Ghost\n    Setting Personal Goals\n    Inklings Presentation\n    Shrinking World Training website at Ghost",
        "date": "2023-01-26",
        "hours": 5,
        "done": false
    }
},
{
    "model": "task.task",
    "pk": 610,
    "fields": {
        "name": "Teach",
        "activity": 4,
        "notes": "    Writer's Workshop Series - training for authors\n    Writing for Teaching\n    Create a Seminar\n    Create a college class\n    Menu of courses at Shrinking World\n    course creation effort\n    Publishing Schedule",
        "date": "2023-01-26",
        "hours": 5,
        "done": false
    }
},
{
    "model": "task.task",
    "pk": 611,
    "fields": {
        "name": "Innovate",
        "activity": 3,
        "notes": "    load task data from JSON file\n    ",
        "date": "2023-01-26",
        "hours": 1,
        "done": false
    }
},
{
    "model": "task.task",
    "pk": 612,
    "fields": {
        "name": "Business",
        "activity": 6,
        "notes": "    Business Plan for Shrinking World Training",
        "date": "2023-01-26",
        "hours": 1,
        "done": false
    }
},
{
    "model": "task.task",
    "pk": 613,
    "fields": {
        "name": "Fun",
        "activity": 8,
        "notes": "    Ticket to Paradise",
        "date": "2023-01-26",
        "hours": 2,
        "done": false
    }
},
{
    "model": "task.task",
    "pk": 614,
    "fields": {
        "name": "Innovate",
        "activity": 3,
        "notes": "    learn about publishing from Ghost articles\n    web clip articles",
        "date": "2023-01-27",
        "hours": 3,
        "done": false
    }
},
{
    "model": "task.task",
    "pk": 615,
    "fields": {
        "name": "Business",
        "activity": 6,
        "notes": "    set business goals for Shrinking World\n    Shrinking World Success\n    Finding My Niche",
        "date": "2023-01-27",
        "hours": 3,
        "done": false
    }
},
{
    "model": "task.task",
    "pk": 616,
    "fields": {
        "name": "Write",
        "activity": 5,
        "notes": "    work on Inklings presentation",
        "date": "2023-01-27",
        "hours": 1,
        "done": false
    }
},
{
    "model": "task.task",
    "pk": 617,
    "fields": {
        "name": "Church",
        "activity": 2,
        "notes": "    prep for EHS class with Stacie",
        "date": "2023-01-27",
        "hours": 3,
        "done": false
    }
},
{
    "model": "task.task",
    "pk": 618,
    "fields": {
        "name": "Family",
        "activity": 1,
        "notes": "    cook ready-made chicken pasta",
        "date": "2023-01-27",
        "hours": 2,
        "done": false
    }
},
{
    "model": "task.task",
    "pk": 619,
    "fields": {
        "name": "Fun",
        "activity": 8,
        "notes": "    Mummy",
        "date": "2023-01-27",
        "hours": 2,
        "done": false
    }
},
{
    "model": "task.task",
    "pk": 620,
    "fields": {
        "name": "Grow",
        "activity": 9,
        "notes": "    night watch: business and writing ideas",
        "date": "2023-01-28",
        "hours": 1,
        "done": false
    }
},
{
    "model": "task.task",
    "pk": 621,
    "fields": {
        "name": "Write",
        "activity": 5,
        "notes": "    Greenhouse Writing - 15 outlines\n    Shrinking World Content\n    Content Priority\n    Seaman's Productivity Law\n    Multicast Lessons\n    Masto: 175 Posts, 160 Following, 41 Followers (+ 12, 12, 5)",
        "date": "2023-01-28",
        "hours": 7,
        "done": false
    }
},
{
    "model": "task.task",
    "pk": 622,
    "fields": {
        "name": "Innovate",
        "activity": 3,
        "notes": "    How to Become a Professional Creator\n    Tella\n    Teachable\n    Record videos and embed them",
        "date": "2023-01-28",
        "hours": 1,
        "done": false
    }
},
{
    "model": "task.task",
    "pk": 623,
    "fields": {
        "name": "Family",
        "activity": 1,
        "notes": "    \n    family night\n    ",
        "date": "2023-01-28",
        "hours": 2,
        "done": false
    }
},
{
    "model": "task.task",
    "pk": 624,
    "fields": {
        "name": "Business",
        "activity": 6,
        "notes": "    plan business goals and costs",
        "date": "2023-01-28",
        "hours": 1,
        "done": false
    }
},
{
    "model": "task.task",
    "pk": 625,
    "fields": {
        "name": "Fun",
        "activity": 8,
        "notes": "    Mummy\n    Eli Stone",
        "date": "2023-01-28",
        "hours": 1,
        "done": false
    }
},
{
    "model": "task.task",
    "pk": 626,
    "fields": {
        "name": "Grow",
        "activity": 9,
        "notes": "    night watch: Multicast publishing, Blues",
        "date": "2023-01-29",
        "hours": 2,
        "done": false
    }
},
{
    "model": "task.task",
    "pk": 627,
    "fields": {
        "name": "Write",
        "activity": 5,
        "notes": "    Work the Greenhouse  (97 Ideas)",
        "date": "2023-01-29",
        "hours": 2,
        "done": false
    }
},
{
    "model": "task.task",
    "pk": 628,
    "fields": {
        "name": "Church",
        "activity": 2,
        "notes": "    church with Hendricksons\n    La Viña service",
        "date": "2023-01-29",
        "hours": 5,
        "done": false
    }
},
{
    "model": "task.task",
    "pk": 629,
    "fields": {
        "name": "Family",
        "activity": 1,
        "notes": "    Hendricksons & Webbs at Austin's",
        "date": "2023-01-29",
        "hours": 2,
        "done": false
    }
},
{
    "model": "task.task",
    "pk": 630,
    "fields": {
        "name": "Fun",
        "activity": 8,
        "notes": "    The Gray Man",
        "date": "2023-01-29",
        "hours": 3,
        "done": false
    }
},
{
    "model": "task.task",
    "pk": 631,
    "fields": {
        "name": "Grow",
        "activity": 9,
        "notes": "    gout day 28 - text to Dr Rhoads\n    night watch: Think Tank\n    weekly reflection",
        "date": "2023-01-30",
        "hours": 2,
        "done": false
    }
},
{
    "model": "task.task",
    "pk": 632,
    "fields": {
        "name": "Write",
        "activity": 5,
        "notes": "    MulticastBlog.ol\n    MulticastTeaching.ol\n    My Unique Viewpoint\n    Human Nature\n    Think Tank (Thunk sizes)\n    Shrinking World Viewpoint\n    Professional Networking\n    Masto: 188 Posts, 184 Following, 49 Followers\n    Subscribers: 0",
        "date": "2023-01-30",
        "hours": 6,
        "done": false
    }
},
{
    "model": "task.task",
    "pk": 633,
    "fields": {
        "name": "Innovate",
        "activity": 3,
        "notes": "    install Dropbox on Macbook\n    build pages on Ghost World",
        "date": "2023-01-30",
        "hours": 1,
        "done": false
    }
},
{
    "model": "task.task",
    "pk": 634,
    "fields": {
        "name": "Business",
        "activity": 6,
        "notes": "    tax prep\n    discuss business strategy with Stacie",
        "date": "2023-01-30",
        "hours": 1,
        "done": false
    }
},
{
    "model": "task.task",
    "pk": 635,
    "fields": {
        "name": "Family",
        "activity": 1,
        "notes": "    Garcias - Free Form on iPad",
        "date": "2023-01-30",
        "hours": 2,
        "done": false
    }
},
{
    "model": "task.task",
    "pk": 636,
    "fields": {
        "name": "Fun",
        "activity": 8,
        "notes": "    Tales of the Jedi\n    Sim City (level 50)",
        "date": "2023-01-30",
        "hours": 2,
        "done": false
    }
},
{
    "model": "task.task",
    "pk": 637,
    "fields": {
        "name": "Grow",
        "activity": 9,
        "notes": "    night watch: Timothy, Hebrews\n    20-below wind chill",
        "date": "2023-01-31",
        "hours": 1,
        "done": false
    }
},
{
    "model": "task.task",
    "pk": 638,
    "fields": {
        "name": "Write",
        "activity": 5,
        "notes": "    Cheap Salvation\n    Convergence & Connection\n    Think Tank\n    Organize notes",
        "date": "2023-01-31",
        "hours": 5,
        "done": false
    }
},
{
    "model": "task.task",
    "pk": 639,
    "fields": {
        "name": "Teach",
        "activity": 4,
        "notes": "    Training Ghost Site",
        "date": "2023-01-31",
        "hours": 2,
        "done": false
    }
},
{
    "model": "task.task",
    "pk": 640,
    "fields": {
        "name": "Family",
        "activity": 1,
        "notes": "    call Dad on birthday\n    ",
        "date": "2023-01-31",
        "hours": 0,
        "done": false
    }
},
{
    "model": "task.task",
    "pk": 641,
    "fields": {
        "name": "Innovate",
        "activity": 3,
        "notes": "    build Training Ghost Site\n    ",
        "date": "2023-01-31",
        "hours": 3,
        "done": false
    }
},
{
    "model": "task.task",
    "pk": 642,
    "fields": {
        "name": "Fun",
        "activity": 8,
        "notes": "    Mummy Returns\n    Hoopla borrows",
        "date": "2023-01-31",
        "hours": 3,
        "done": false
    }
},
{
    "model": "task.task",
    "pk": 643,
    "fields": {
        "name": "Write",
        "activity": 5,
        "notes": "    send Shrinking World Invitation\n    subscribe to Rachel's \"literarysprouts\" Instagram feed\n    Rachel: awful January\n    Instagram\n    Connection Log",
        "date": "2023-02-01",
        "hours": 4,
        "done": false
    }
},
{
    "model": "task.task",
    "pk": 644,
    "fields": {
        "name": "Innovate",
        "activity": 3,
        "notes": "    explore Ghost/Mastodon integration",
        "date": "2023-02-01",
        "hours": 5,
        "done": false
    }
},
{
    "model": "task.task",
    "pk": 645,
    "fields": {
        "name": "Church",
        "activity": 2,
        "notes": "    Emotionally Healthy Relationships",
        "date": "2023-02-01",
        "hours": 5,
        "done": false
    }
}
]
