[
{
    "model": "task.tasktype",
    "pk": 1,
    "fields": {
        "name": "Public"
    }
},
{
    "model": "task.tasktype",
    "pk": 2,
    "fields": {
        "name": "Work"
    }
},
{
    "model": "task.tasktype",
    "pk": 3,
    "fields": {
        "name": "Private"
    }
},
{
    "model": "task.activity",
    "pk": 1,
    "fields": {
        "name": "Family",
        "type": 1
    }
},
{
    "model": "task.activity",
    "pk": 2,
    "fields": {
        "name": "Church",
        "type": 1
    }
},
{
    "model": "task.activity",
    "pk": 3,
    "fields": {
        "name": "Innovate",
        "type": 2
    }
},
{
    "model": "task.activity",
    "pk": 4,
    "fields": {
        "name": "Teach",
        "type": 2
    }
},
{
    "model": "task.activity",
    "pk": 5,
    "fields": {
        "name": "Write",
        "type": 2
    }
},
{
    "model": "task.activity",
    "pk": 6,
    "fields": {
        "name": "Business",
        "type": 2
    }
},
{
    "model": "task.activity",
    "pk": 7,
    "fields": {
        "name": "ProMETA",
        "type": 2
    }
},
{
    "model": "task.activity",
    "pk": 8,
    "fields": {
        "name": "Fun",
        "type": 3
    }
},
{
    "model": "task.activity",
    "pk": 9,
    "fields": {
        "name": "Grow",
        "type": 3
    }
},
{
    "model": "task.task",
    "pk": 334,
    "fields": {
        "name": "Write",
        "activity": 5,
        "notes": "    Subscribe to ghost.org\n    Learn about Ghost\n    Setting Personal Goals\n    Inklings Presentation\n    Shrinking World Training website at Ghost",
        "date": "2023-01-26",
        "hours": 5,
        "done": false
    }
},
{
    "model": "task.task",
    "pk": 335,
    "fields": {
        "name": "Teach",
        "activity": 4,
        "notes": "    Writer's Workshop Series - training for authors\n    Writing for Teaching\n    Create a Seminar\n    Create a college class\n    Menu of courses at Shrinking World\n    course creation effort\n    Publishing Schedule",
        "date": "2023-01-26",
        "hours": 5,
        "done": false
    }
},
{
    "model": "task.task",
    "pk": 336,
    "fields": {
        "name": "Innovate",
        "activity": 3,
        "notes": "    load task data from JSON file\n    ",
        "date": "2023-01-26",
        "hours": 1,
        "done": false
    }
},
{
    "model": "task.task",
    "pk": 337,
    "fields": {
        "name": "Business",
        "activity": 6,
        "notes": "    Business Plan for Shrinking World Training",
        "date": "2023-01-26",
        "hours": 1,
        "done": false
    }
},
{
    "model": "task.task",
    "pk": 338,
    "fields": {
        "name": "Fun",
        "activity": 8,
        "notes": "    Ticket to Paradise",
        "date": "2023-01-26",
        "hours": 2,
        "done": false
    }
},
{
    "model": "task.task",
    "pk": 339,
    "fields": {
        "name": "Innovate",
        "activity": 3,
        "notes": "    learn about publishing from Ghost articles\n    web clip articles",
        "date": "2023-01-27",
        "hours": 3,
        "done": false
    }
},
{
    "model": "task.task",
    "pk": 340,
    "fields": {
        "name": "Business",
        "activity": 6,
        "notes": "    set business goals for Shrinking World\n    Shrinking World Success\n    Finding My Niche",
        "date": "2023-01-27",
        "hours": 3,
        "done": false
    }
},
{
    "model": "task.task",
    "pk": 341,
    "fields": {
        "name": "Write",
        "activity": 5,
        "notes": "    work on Inklings presentation",
        "date": "2023-01-27",
        "hours": 1,
        "done": false
    }
},
{
    "model": "task.task",
    "pk": 342,
    "fields": {
        "name": "Church",
        "activity": 2,
        "notes": "    prep for EHS class with Stacie",
        "date": "2023-01-27",
        "hours": 3,
        "done": false
    }
},
{
    "model": "task.task",
    "pk": 343,
    "fields": {
        "name": "Family",
        "activity": 1,
        "notes": "    cook ready-made chicken pasta",
        "date": "2023-01-27",
        "hours": 2,
        "done": false
    }
},
{
    "model": "task.task",
    "pk": 344,
    "fields": {
        "name": "Fun",
        "activity": 8,
        "notes": "    Mummy",
        "date": "2023-01-27",
        "hours": 2,
        "done": false
    }
},
{
    "model": "task.task",
    "pk": 345,
    "fields": {
        "name": "Grow",
        "activity": 9,
        "notes": "    night watch: business and writing ideas",
        "date": "2023-01-28",
        "hours": 1,
        "done": false
    }
},
{
    "model": "task.task",
    "pk": 346,
    "fields": {
        "name": "Write",
        "activity": 5,
        "notes": "    Greenhouse Writing - 15 outlines\n    Shrinking World Content\n    Content Priority\n    Seaman's Productivity Law\n    Multicast Lessons\n    Masto: 175 Posts, 160 Following, 41 Followers (+ 12, 12, 5)",
        "date": "2023-01-28",
        "hours": 7,
        "done": false
    }
},
{
    "model": "task.task",
    "pk": 347,
    "fields": {
        "name": "Innovate",
        "activity": 3,
        "notes": "    How to Become a Professional Creator\n    Tella\n    Teachable\n    Record videos and embed them",
        "date": "2023-01-28",
        "hours": 1,
        "done": false
    }
},
{
    "model": "task.task",
    "pk": 348,
    "fields": {
        "name": "Family",
        "activity": 1,
        "notes": "    \n    family night\n    ",
        "date": "2023-01-28",
        "hours": 2,
        "done": false
    }
},
{
    "model": "task.task",
    "pk": 349,
    "fields": {
        "name": "Business",
        "activity": 6,
        "notes": "    plan business goals and costs",
        "date": "2023-01-28",
        "hours": 1,
        "done": false
    }
},
{
    "model": "task.task",
    "pk": 350,
    "fields": {
        "name": "Fun",
        "activity": 8,
        "notes": "    Mummy\n    Eli Stone",
        "date": "2023-01-28",
        "hours": 1,
        "done": false
    }
},
{
    "model": "task.task",
    "pk": 351,
    "fields": {
        "name": "Grow",
        "activity": 9,
        "notes": "    night watch: Multicast publishing, Blues",
        "date": "2023-01-29",
        "hours": 2,
        "done": false
    }
},
{
    "model": "task.task",
    "pk": 352,
    "fields": {
        "name": "Write",
        "activity": 5,
        "notes": "    Work the Greenhouse  (97 Ideas)",
        "date": "2023-01-29",
        "hours": 2,
        "done": false
    }
},
{
    "model": "task.task",
    "pk": 353,
    "fields": {
        "name": "Church",
        "activity": 2,
        "notes": "    church with Hendricksons\n    La Viña service",
        "date": "2023-01-29",
        "hours": 5,
        "done": false
    }
},
{
    "model": "task.task",
    "pk": 354,
    "fields": {
        "name": "Family",
        "activity": 1,
        "notes": "    Hendricksons & Webbs at Austin's",
        "date": "2023-01-29",
        "hours": 2,
        "done": false
    }
},
{
    "model": "task.task",
    "pk": 355,
    "fields": {
        "name": "Fun",
        "activity": 8,
        "notes": "    The Gray Man",
        "date": "2023-01-29",
        "hours": 3,
        "done": false
    }
},
{
    "model": "task.task",
    "pk": 356,
    "fields": {
        "name": "Grow",
        "activity": 9,
        "notes": "    gout day 28 - text to Dr Rhoads\n    night watch: Think Tank\n    weekly reflection",
        "date": "2023-01-30",
        "hours": 2,
        "done": false
    }
},
{
    "model": "task.task",
    "pk": 357,
    "fields": {
        "name": "Write",
        "activity": 5,
        "notes": "    MulticastBlog.ol\n    MulticastTeaching.ol\n    My Unique Viewpoint\n    Human Nature\n    Think Tank (Thunk sizes)\n    Shrinking World Viewpoint\n    Professional Networking\n    Masto: 188 Posts, 184 Following, 49 Followers\n    Subscribers: 0",
        "date": "2023-01-30",
        "hours": 6,
        "done": false
    }
},
{
    "model": "task.task",
    "pk": 358,
    "fields": {
        "name": "Innovate",
        "activity": 3,
        "notes": "    install Dropbox on Macbook\n    build pages on Ghost World",
        "date": "2023-01-30",
        "hours": 1,
        "done": false
    }
},
{
    "model": "task.task",
    "pk": 359,
    "fields": {
        "name": "Business",
        "activity": 6,
        "notes": "    tax prep\n    discuss business strategy with Stacie",
        "date": "2023-01-30",
        "hours": 1,
        "done": false
    }
},
{
    "model": "task.task",
    "pk": 360,
    "fields": {
        "name": "Family",
        "activity": 1,
        "notes": "    Garcias - Free Form on iPad",
        "date": "2023-01-30",
        "hours": 2,
        "done": false
    }
},
{
    "model": "task.task",
    "pk": 361,
    "fields": {
        "name": "Fun",
        "activity": 8,
        "notes": "    Tales of the Jedi\n    Sim City (level 50)",
        "date": "2023-01-30",
        "hours": 2,
        "done": false
    }
},
{
    "model": "task.task",
    "pk": 362,
    "fields": {
        "name": "Grow",
        "activity": 9,
        "notes": "    night watch: Timothy, Hebrews\n    20-below wind chill",
        "date": "2023-01-31",
        "hours": 1,
        "done": false
    }
},
{
    "model": "task.task",
    "pk": 363,
    "fields": {
        "name": "Write",
        "activity": 5,
        "notes": "    Cheap Salvation\n    Convergence & Connection\n    Think Tank\n    Organize notes",
        "date": "2023-01-31",
        "hours": 5,
        "done": false
    }
},
{
    "model": "task.task",
    "pk": 364,
    "fields": {
        "name": "Teach",
        "activity": 4,
        "notes": "    Training Ghost Site",
        "date": "2023-01-31",
        "hours": 2,
        "done": false
    }
},
{
    "model": "task.task",
    "pk": 365,
    "fields": {
        "name": "Family",
        "activity": 1,
        "notes": "    call Dad on birthday\n    ",
        "date": "2023-01-31",
        "hours": 0,
        "done": false
    }
},
{
    "model": "task.task",
    "pk": 366,
    "fields": {
        "name": "Innovate",
        "activity": 3,
        "notes": "    build Training Ghost Site\n    ",
        "date": "2023-01-31",
        "hours": 3,
        "done": false
    }
},
{
    "model": "task.task",
    "pk": 367,
    "fields": {
        "name": "Fun",
        "activity": 8,
        "notes": "    Mummy Returns\n    Hoopla borrows",
        "date": "2023-01-31",
        "hours": 3,
        "done": false
    }
},
{
    "model": "task.task",
    "pk": 368,
    "fields": {
        "name": "Write",
        "activity": 5,
        "notes": "    send Shrinking World Invitation\n    subscribe to Rachel's \"literarysprouts\" Instagram feed\n    Rachel: awful January\n    Instagram\n    Connection Log",
        "date": "2023-02-01",
        "hours": 4,
        "done": false
    }
},
{
    "model": "task.task",
    "pk": 369,
    "fields": {
        "name": "Innovate",
        "activity": 3,
        "notes": "    explore Ghost/Mastodon integration",
        "date": "2023-02-01",
        "hours": 5,
        "done": false
    }
},
{
    "model": "task.task",
    "pk": 370,
    "fields": {
        "name": "Church",
        "activity": 2,
        "notes": "    Emotionally Healthy Relationships",
        "date": "2023-02-01",
        "hours": 5,
        "done": false
    }
},
{
    "model": "task.task",
    "pk": 371,
    "fields": {
        "name": "Grow",
        "activity": 9,
        "notes": "    walk",
        "date": "2023-08-26",
        "hours": 1,
        "done": false
    }
},
{
    "model": "task.task",
    "pk": 372,
    "fields": {
        "name": "Teach",
        "activity": 4,
        "notes": "    ideas for Student Project Workspace\n    design for Student Project Workspace\n    URLs (/course/<int:course>/<int:student>/<int:project>/<int:docs>)\n    create workspace code with TDD",
        "date": "2023-08-26",
        "hours": 9,
        "done": false
    }
},
{
    "model": "task.task",
    "pk": 373,
    "fields": {
        "name": "Family",
        "activity": 1,
        "notes": "    family celebration with Josiah",
        "date": "2023-08-26",
        "hours": 4,
        "done": false
    }
},
{
    "model": "task.task",
    "pk": 374,
    "fields": {
        "name": "Grow",
        "activity": 9,
        "notes": "    walk\n    nap",
        "date": "2023-08-27",
        "hours": 1,
        "done": false
    }
},
{
    "model": "task.task",
    "pk": 375,
    "fields": {
        "name": "Church",
        "activity": 2,
        "notes": "    church service",
        "date": "2023-08-27",
        "hours": 4,
        "done": false
    }
},
{
    "model": "task.task",
    "pk": 376,
    "fields": {
        "name": "Family",
        "activity": 1,
        "notes": "    visit UNC with Lancasters",
        "date": "2023-08-27",
        "hours": 3,
        "done": false
    }
},
{
    "model": "task.task",
    "pk": 377,
    "fields": {
        "name": "Teach",
        "activity": 4,
        "notes": "    build email login",
        "date": "2023-08-27",
        "hours": 2,
        "done": false
    }
},
{
    "model": "task.task",
    "pk": 378,
    "fields": {
        "name": "Fun",
        "activity": 8,
        "notes": "    White Collar",
        "date": "2023-08-27",
        "hours": 4,
        "done": false
    }
},
{
    "model": "task.task",
    "pk": 379,
    "fields": {
        "name": "Teach",
        "activity": 4,
        "notes": "    Josiah speaks at both classes\n    server builds will not complete\n    problems with class preparation",
        "date": "2023-08-28",
        "hours": 10,
        "done": false
    }
},
{
    "model": "task.task",
    "pk": 380,
    "fields": {
        "name": "Grow",
        "activity": 9,
        "notes": "    walk",
        "date": "2023-08-28",
        "hours": 1,
        "done": false
    }
},
{
    "model": "task.task",
    "pk": 381,
    "fields": {
        "name": "Fun",
        "activity": 8,
        "notes": "    read books\n    buy American Nations",
        "date": "2023-08-28",
        "hours": 3,
        "done": false
    }
},
{
    "model": "task.task",
    "pk": 382,
    "fields": {
        "name": "Grow",
        "activity": 9,
        "notes": "    walk",
        "date": "2023-08-29",
        "hours": 1,
        "done": false
    }
},
{
    "model": "task.task",
    "pk": 383,
    "fields": {
        "name": "Family",
        "activity": 1,
        "notes": "    Sol de Jalisco with Lancasters",
        "date": "2023-08-29",
        "hours": 2,
        "done": false
    }
},
{
    "model": "task.task",
    "pk": 384,
    "fields": {
        "name": "Innovate",
        "activity": 3,
        "notes": "    work on server problem",
        "date": "2023-08-29",
        "hours": 10,
        "done": false
    }
},
{
    "model": "task.task",
    "pk": 385,
    "fields": {
        "name": "Fun",
        "activity": 8,
        "notes": "    Games",
        "date": "2023-08-29",
        "hours": 1,
        "done": false
    }
},
{
    "model": "task.task",
    "pk": 386,
    "fields": {
        "name": "Grow",
        "activity": 9,
        "notes": "    personal crisis\n    ",
        "date": "2023-08-30",
        "hours": 1,
        "done": false
    }
},
{
    "model": "task.task",
    "pk": 387,
    "fields": {
        "name": "Teach",
        "activity": 4,
        "notes": "    work on server issue at Digital Ocean",
        "date": "2023-08-30",
        "hours": 10,
        "done": false
    }
},
{
    "model": "task.task",
    "pk": 388,
    "fields": {
        "name": "Family",
        "activity": 1,
        "notes": "    Stacie has bike tire blowout",
        "date": "2023-08-30",
        "hours": 1,
        "done": false
    }
},
{
    "model": "task.task",
    "pk": 389,
    "fields": {
        "name": "Fun",
        "activity": 8,
        "notes": "    Ahsoka",
        "date": "2023-08-30",
        "hours": 2,
        "done": false
    }
},
{
    "model": "task.task",
    "pk": 390,
    "fields": {
        "name": "Innovate",
        "activity": 3,
        "notes": "    resolve server deployment issue\n    change build script \n    write Julio",
        "date": "2023-08-31",
        "hours": 2,
        "done": false
    }
},
{
    "model": "task.task",
    "pk": 391,
    "fields": {
        "name": "Family",
        "activity": 1,
        "notes": "    trip to Estes Park with Lancasters\n    walk around Lilly Lake",
        "date": "2023-08-31",
        "hours": 9,
        "done": false
    }
},
{
    "model": "task.task",
    "pk": 392,
    "fields": {
        "name": "Grow",
        "activity": 9,
        "notes": "    nap",
        "date": "2023-08-31",
        "hours": 1,
        "done": false
    }
},
{
    "model": "task.task",
    "pk": 393,
    "fields": {
        "name": "Fun",
        "activity": 8,
        "notes": "    watch TV with Stacie",
        "date": "2023-08-31",
        "hours": 2,
        "done": false
    }
},
{
    "model": "task.task",
    "pk": 394,
    "fields": {
        "name": "Grow",
        "activity": 9,
        "notes": "    \n    record time\n    walk\n    watch balloons launch\n    self awareness and emotional needs",
        "date": "2023-09-01",
        "hours": 3,
        "done": false
    }
},
{
    "model": "task.task",
    "pk": 395,
    "fields": {
        "name": "Innovate",
        "activity": 3,
        "notes": "    create import view to build pubs, courses, students\n    update code on Digital Ocean\n    fix issue with SHRINKING-WORLD-PUBS var\n    remove Student data model\n    add Student data model\n    iterations on production server\n    exception handling",
        "date": "2023-09-01",
        "hours": 6,
        "done": false
    }
},
{
    "model": "task.task",
    "pk": 396,
    "fields": {
        "name": "Teach",
        "activity": 4,
        "notes": "    communicate with students",
        "date": "2023-09-01",
        "hours": 1,
        "done": false
    }
},
{
    "model": "task.task",
    "pk": 397,
    "fields": {
        "name": "Family",
        "activity": 1,
        "notes": "    visit with Duke and Marie\n    ",
        "date": "2023-09-01",
        "hours": 4,
        "done": false
    }
}
]
