[
{
    "model": "task.tasktype",
    "pk": 1,
    "fields": {
        "name": "Public"
    }
},
{
    "model": "task.tasktype",
    "pk": 2,
    "fields": {
        "name": "Work"
    }
},
{
    "model": "task.tasktype",
    "pk": 3,
    "fields": {
        "name": "Private"
    }
},
{
    "model": "task.activity",
    "pk": 1,
    "fields": {
        "name": "Family",
        "type": 1
    }
},
{
    "model": "task.activity",
    "pk": 2,
    "fields": {
        "name": "Church",
        "type": 1
    }
},
{
    "model": "task.activity",
    "pk": 3,
    "fields": {
        "name": "Innovate",
        "type": 2
    }
},
{
    "model": "task.activity",
    "pk": 4,
    "fields": {
        "name": "Teach",
        "type": 2
    }
},
{
    "model": "task.activity",
    "pk": 5,
    "fields": {
        "name": "Write",
        "type": 2
    }
},
{
    "model": "task.activity",
    "pk": 6,
    "fields": {
        "name": "Business",
        "type": 2
    }
},
{
    "model": "task.activity",
    "pk": 7,
    "fields": {
        "name": "ProMETA",
        "type": 2
    }
},
{
    "model": "task.activity",
    "pk": 8,
    "fields": {
        "name": "Fun",
        "type": 3
    }
},
{
    "model": "task.activity",
    "pk": 9,
    "fields": {
        "name": "Grow",
        "type": 3
    }
},
{
    "model": "task.task",
    "pk": 149,
    "fields": {
        "name": "Write",
        "activity": 5,
        "notes": "    Subscribe to ghost.org\n    Learn about Ghost\n    Setting Personal Goals\n    Inklings Presentation\n    Shrinking World Training website at Ghost",
        "date": "2023-01-26",
        "hours": 5,
        "done": false
    }
},
{
    "model": "task.task",
    "pk": 150,
    "fields": {
        "name": "Teach",
        "activity": 4,
        "notes": "    Writer's Workshop Series - training for authors\n    Writing for Teaching\n    Create a Seminar\n    Create a college class\n    Menu of courses at Shrinking World\n    course creation effort\n    Publishing Schedule",
        "date": "2023-01-26",
        "hours": 5,
        "done": false
    }
},
{
    "model": "task.task",
    "pk": 151,
    "fields": {
        "name": "Innovate",
        "activity": 3,
        "notes": "    load task data from JSON file\n    ",
        "date": "2023-01-26",
        "hours": 1,
        "done": false
    }
},
{
    "model": "task.task",
    "pk": 152,
    "fields": {
        "name": "Business",
        "activity": 6,
        "notes": "    Business Plan for Shrinking World Training",
        "date": "2023-01-26",
        "hours": 1,
        "done": false
    }
},
{
    "model": "task.task",
    "pk": 153,
    "fields": {
        "name": "Fun",
        "activity": 8,
        "notes": "    Ticket to Paradise",
        "date": "2023-01-26",
        "hours": 2,
        "done": false
    }
},
{
    "model": "task.task",
    "pk": 154,
    "fields": {
        "name": "Innovate",
        "activity": 3,
        "notes": "    learn about publishing from Ghost articles\n    web clip articles",
        "date": "2023-01-27",
        "hours": 3,
        "done": false
    }
},
{
    "model": "task.task",
    "pk": 155,
    "fields": {
        "name": "Business",
        "activity": 6,
        "notes": "    set business goals for Shrinking World\n    Shrinking World Success\n    Finding My Niche",
        "date": "2023-01-27",
        "hours": 3,
        "done": false
    }
},
{
    "model": "task.task",
    "pk": 156,
    "fields": {
        "name": "Write",
        "activity": 5,
        "notes": "    work on Inklings presentation",
        "date": "2023-01-27",
        "hours": 1,
        "done": false
    }
},
{
    "model": "task.task",
    "pk": 157,
    "fields": {
        "name": "Church",
        "activity": 2,
        "notes": "    prep for EHS class with Stacie",
        "date": "2023-01-27",
        "hours": 3,
        "done": false
    }
},
{
    "model": "task.task",
    "pk": 158,
    "fields": {
        "name": "Family",
        "activity": 1,
        "notes": "    cook ready-made chicken pasta",
        "date": "2023-01-27",
        "hours": 2,
        "done": false
    }
},
{
    "model": "task.task",
    "pk": 159,
    "fields": {
        "name": "Fun",
        "activity": 8,
        "notes": "    Mummy",
        "date": "2023-01-27",
        "hours": 2,
        "done": false
    }
},
{
    "model": "task.task",
    "pk": 160,
    "fields": {
        "name": "Grow",
        "activity": 9,
        "notes": "    night watch: business and writing ideas",
        "date": "2023-01-28",
        "hours": 1,
        "done": false
    }
},
{
    "model": "task.task",
    "pk": 161,
    "fields": {
        "name": "Write",
        "activity": 5,
        "notes": "    Greenhouse Writing - 15 outlines\n    Shrinking World Content\n    Content Priority\n    Seaman's Productivity Law\n    Multicast Lessons\n    Masto: 175 Posts, 160 Following, 41 Followers (+ 12, 12, 5)",
        "date": "2023-01-28",
        "hours": 7,
        "done": false
    }
},
{
    "model": "task.task",
    "pk": 162,
    "fields": {
        "name": "Innovate",
        "activity": 3,
        "notes": "    How to Become a Professional Creator\n    Tella\n    Teachable\n    Record videos and embed them",
        "date": "2023-01-28",
        "hours": 1,
        "done": false
    }
},
{
    "model": "task.task",
    "pk": 163,
    "fields": {
        "name": "Family",
        "activity": 1,
        "notes": "    \n    family night\n    ",
        "date": "2023-01-28",
        "hours": 2,
        "done": false
    }
},
{
    "model": "task.task",
    "pk": 164,
    "fields": {
        "name": "Business",
        "activity": 6,
        "notes": "    plan business goals and costs",
        "date": "2023-01-28",
        "hours": 1,
        "done": false
    }
},
{
    "model": "task.task",
    "pk": 165,
    "fields": {
        "name": "Fun",
        "activity": 8,
        "notes": "    Mummy\n    Eli Stone",
        "date": "2023-01-28",
        "hours": 1,
        "done": false
    }
},
{
    "model": "task.task",
    "pk": 166,
    "fields": {
        "name": "Grow",
        "activity": 9,
        "notes": "    night watch: Multicast publishing, Blues",
        "date": "2023-01-29",
        "hours": 2,
        "done": false
    }
},
{
    "model": "task.task",
    "pk": 167,
    "fields": {
        "name": "Write",
        "activity": 5,
        "notes": "    Work the Greenhouse  (97 Ideas)",
        "date": "2023-01-29",
        "hours": 2,
        "done": false
    }
},
{
    "model": "task.task",
    "pk": 168,
    "fields": {
        "name": "Church",
        "activity": 2,
        "notes": "    church with Hendricksons\n    La Viña service",
        "date": "2023-01-29",
        "hours": 5,
        "done": false
    }
},
{
    "model": "task.task",
    "pk": 169,
    "fields": {
        "name": "Family",
        "activity": 1,
        "notes": "    Hendricksons & Webbs at Austin's",
        "date": "2023-01-29",
        "hours": 2,
        "done": false
    }
},
{
    "model": "task.task",
    "pk": 170,
    "fields": {
        "name": "Fun",
        "activity": 8,
        "notes": "    The Gray Man",
        "date": "2023-01-29",
        "hours": 3,
        "done": false
    }
},
{
    "model": "task.task",
    "pk": 171,
    "fields": {
        "name": "Grow",
        "activity": 9,
        "notes": "    gout day 28 - text to Dr Rhoads\n    night watch: Think Tank\n    weekly reflection",
        "date": "2023-01-30",
        "hours": 2,
        "done": false
    }
},
{
    "model": "task.task",
    "pk": 172,
    "fields": {
        "name": "Write",
        "activity": 5,
        "notes": "    MulticastBlog.ol\n    MulticastTeaching.ol\n    My Unique Viewpoint\n    Human Nature\n    Think Tank (Thunk sizes)\n    Shrinking World Viewpoint\n    Professional Networking\n    Masto: 188 Posts, 184 Following, 49 Followers\n    Subscribers: 0",
        "date": "2023-01-30",
        "hours": 6,
        "done": false
    }
},
{
    "model": "task.task",
    "pk": 173,
    "fields": {
        "name": "Innovate",
        "activity": 3,
        "notes": "    install Dropbox on Macbook\n    build pages on Ghost World",
        "date": "2023-01-30",
        "hours": 1,
        "done": false
    }
},
{
    "model": "task.task",
    "pk": 174,
    "fields": {
        "name": "Business",
        "activity": 6,
        "notes": "    tax prep\n    discuss business strategy with Stacie",
        "date": "2023-01-30",
        "hours": 1,
        "done": false
    }
},
{
    "model": "task.task",
    "pk": 175,
    "fields": {
        "name": "Family",
        "activity": 1,
        "notes": "    Garcias - Free Form on iPad",
        "date": "2023-01-30",
        "hours": 2,
        "done": false
    }
},
{
    "model": "task.task",
    "pk": 176,
    "fields": {
        "name": "Fun",
        "activity": 8,
        "notes": "    Tales of the Jedi\n    Sim City (level 50)",
        "date": "2023-01-30",
        "hours": 2,
        "done": false
    }
},
{
    "model": "task.task",
    "pk": 177,
    "fields": {
        "name": "Grow",
        "activity": 9,
        "notes": "    night watch: Timothy, Hebrews\n    20-below wind chill",
        "date": "2023-01-31",
        "hours": 1,
        "done": false
    }
},
{
    "model": "task.task",
    "pk": 178,
    "fields": {
        "name": "Write",
        "activity": 5,
        "notes": "    Cheap Salvation\n    Convergence & Connection\n    Think Tank\n    Organize notes",
        "date": "2023-01-31",
        "hours": 5,
        "done": false
    }
},
{
    "model": "task.task",
    "pk": 179,
    "fields": {
        "name": "Teach",
        "activity": 4,
        "notes": "    Training Ghost Site",
        "date": "2023-01-31",
        "hours": 2,
        "done": false
    }
},
{
    "model": "task.task",
    "pk": 180,
    "fields": {
        "name": "Family",
        "activity": 1,
        "notes": "    call Dad on birthday\n    ",
        "date": "2023-01-31",
        "hours": 0,
        "done": false
    }
},
{
    "model": "task.task",
    "pk": 181,
    "fields": {
        "name": "Innovate",
        "activity": 3,
        "notes": "    build Training Ghost Site\n    ",
        "date": "2023-01-31",
        "hours": 3,
        "done": false
    }
},
{
    "model": "task.task",
    "pk": 182,
    "fields": {
        "name": "Fun",
        "activity": 8,
        "notes": "    Mummy Returns\n    Hoopla borrows",
        "date": "2023-01-31",
        "hours": 3,
        "done": false
    }
},
{
    "model": "task.task",
    "pk": 183,
    "fields": {
        "name": "Write",
        "activity": 5,
        "notes": "    send Shrinking World Invitation\n    subscribe to Rachel's \"literarysprouts\" Instagram feed\n    Rachel: awful January\n    Instagram\n    Connection Log",
        "date": "2023-02-01",
        "hours": 4,
        "done": false
    }
},
{
    "model": "task.task",
    "pk": 184,
    "fields": {
        "name": "Innovate",
        "activity": 3,
        "notes": "    explore Ghost/Mastodon integration",
        "date": "2023-02-01",
        "hours": 5,
        "done": false
    }
},
{
    "model": "task.task",
    "pk": 185,
    "fields": {
        "name": "Church",
        "activity": 2,
        "notes": "    Emotionally Healthy Relationships",
        "date": "2023-02-01",
        "hours": 5,
        "done": false
    }
}
]
