[
{
    "model": "task.tasktype",
    "pk": 1,
    "fields": {
        "name": "Public"
    }
},
{
    "model": "task.tasktype",
    "pk": 2,
    "fields": {
        "name": "Work"
    }
},
{
    "model": "task.tasktype",
    "pk": 3,
    "fields": {
        "name": "Private"
    }
},
{
    "model": "task.activity",
    "pk": 1,
    "fields": {
        "name": "Family",
        "type": 1
    }
},
{
    "model": "task.activity",
    "pk": 2,
    "fields": {
        "name": "Church",
        "type": 1
    }
},
{
    "model": "task.activity",
    "pk": 3,
    "fields": {
        "name": "Innovate",
        "type": 2
    }
},
{
    "model": "task.activity",
    "pk": 4,
    "fields": {
        "name": "Teach",
        "type": 2
    }
},
{
    "model": "task.activity",
    "pk": 5,
    "fields": {
        "name": "Write",
        "type": 2
    }
},
{
    "model": "task.activity",
    "pk": 6,
    "fields": {
        "name": "Business",
        "type": 2
    }
},
{
    "model": "task.activity",
    "pk": 7,
    "fields": {
        "name": "ProMETA",
        "type": 2
    }
},
{
    "model": "task.activity",
    "pk": 8,
    "fields": {
        "name": "Fun",
        "type": 3
    }
},
{
    "model": "task.activity",
    "pk": 9,
    "fields": {
        "name": "Grow",
        "type": 3
    }
},
{
    "model": "task.task",
    "pk": 371,
    "fields": {
        "name": "Grow",
        "activity": 9,
        "notes": "    walk",
        "date": "2023-08-26",
        "hours": 1,
        "done": false
    }
},
{
    "model": "task.task",
    "pk": 372,
    "fields": {
        "name": "Teach",
        "activity": 4,
        "notes": "    ideas for Student Project Workspace\n    design for Student Project Workspace\n    URLs (/course/<int:course>/<int:student>/<int:project>/<int:docs>)\n    create workspace code with TDD",
        "date": "2023-08-26",
        "hours": 9,
        "done": false
    }
},
{
    "model": "task.task",
    "pk": 373,
    "fields": {
        "name": "Family",
        "activity": 1,
        "notes": "    family celebration with Josiah",
        "date": "2023-08-26",
        "hours": 4,
        "done": false
    }
},
{
    "model": "task.task",
    "pk": 374,
    "fields": {
        "name": "Grow",
        "activity": 9,
        "notes": "    walk\n    nap",
        "date": "2023-08-27",
        "hours": 1,
        "done": false
    }
},
{
    "model": "task.task",
    "pk": 375,
    "fields": {
        "name": "Church",
        "activity": 2,
        "notes": "    church service",
        "date": "2023-08-27",
        "hours": 4,
        "done": false
    }
},
{
    "model": "task.task",
    "pk": 376,
    "fields": {
        "name": "Family",
        "activity": 1,
        "notes": "    visit UNC with Lancasters",
        "date": "2023-08-27",
        "hours": 3,
        "done": false
    }
},
{
    "model": "task.task",
    "pk": 377,
    "fields": {
        "name": "Teach",
        "activity": 4,
        "notes": "    build email login",
        "date": "2023-08-27",
        "hours": 2,
        "done": false
    }
},
{
    "model": "task.task",
    "pk": 378,
    "fields": {
        "name": "Fun",
        "activity": 8,
        "notes": "    White Collar",
        "date": "2023-08-27",
        "hours": 4,
        "done": false
    }
},
{
    "model": "task.task",
    "pk": 509,
    "fields": {
        "name": "Teach",
        "activity": 4,
        "notes": "    Josiah speaks at both classes\n    server builds will not complete\n    problems with class preparation",
        "date": "2023-08-28",
        "hours": 10,
        "done": false
    }
},
{
    "model": "task.task",
    "pk": 510,
    "fields": {
        "name": "Grow",
        "activity": 9,
        "notes": "    walk",
        "date": "2023-08-28",
        "hours": 1,
        "done": false
    }
},
{
    "model": "task.task",
    "pk": 511,
    "fields": {
        "name": "Fun",
        "activity": 8,
        "notes": "    read books\n    buy American Nations",
        "date": "2023-08-28",
        "hours": 3,
        "done": false
    }
},
{
    "model": "task.task",
    "pk": 512,
    "fields": {
        "name": "Grow",
        "activity": 9,
        "notes": "    walk",
        "date": "2023-08-29",
        "hours": 1,
        "done": false
    }
},
{
    "model": "task.task",
    "pk": 513,
    "fields": {
        "name": "Family",
        "activity": 1,
        "notes": "    Sol de Jalisco with Lancasters",
        "date": "2023-08-29",
        "hours": 2,
        "done": false
    }
},
{
    "model": "task.task",
    "pk": 514,
    "fields": {
        "name": "Innovate",
        "activity": 3,
        "notes": "    work on server problem",
        "date": "2023-08-29",
        "hours": 10,
        "done": false
    }
},
{
    "model": "task.task",
    "pk": 515,
    "fields": {
        "name": "Fun",
        "activity": 8,
        "notes": "    Games",
        "date": "2023-08-29",
        "hours": 1,
        "done": false
    }
},
{
    "model": "task.task",
    "pk": 516,
    "fields": {
        "name": "Grow",
        "activity": 9,
        "notes": "    personal crisis\n    ",
        "date": "2023-08-30",
        "hours": 1,
        "done": false
    }
},
{
    "model": "task.task",
    "pk": 517,
    "fields": {
        "name": "Teach",
        "activity": 4,
        "notes": "    work on server issue at Digital Ocean",
        "date": "2023-08-30",
        "hours": 10,
        "done": false
    }
},
{
    "model": "task.task",
    "pk": 518,
    "fields": {
        "name": "Family",
        "activity": 1,
        "notes": "    Stacie has bike tire blowout",
        "date": "2023-08-30",
        "hours": 1,
        "done": false
    }
},
{
    "model": "task.task",
    "pk": 519,
    "fields": {
        "name": "Fun",
        "activity": 8,
        "notes": "    Ahsoka",
        "date": "2023-08-30",
        "hours": 2,
        "done": false
    }
},
{
    "model": "task.task",
    "pk": 520,
    "fields": {
        "name": "Innovate",
        "activity": 3,
        "notes": "    resolve server deployment issue\n    change build script \n    write Julio",
        "date": "2023-08-31",
        "hours": 2,
        "done": false
    }
},
{
    "model": "task.task",
    "pk": 521,
    "fields": {
        "name": "Family",
        "activity": 1,
        "notes": "    trip to Estes Park with Lancasters\n    walk around Lilly Lake",
        "date": "2023-08-31",
        "hours": 9,
        "done": false
    }
},
{
    "model": "task.task",
    "pk": 522,
    "fields": {
        "name": "Grow",
        "activity": 9,
        "notes": "    nap",
        "date": "2023-08-31",
        "hours": 1,
        "done": false
    }
},
{
    "model": "task.task",
    "pk": 523,
    "fields": {
        "name": "Fun",
        "activity": 8,
        "notes": "    watch TV with Stacie",
        "date": "2023-08-31",
        "hours": 2,
        "done": false
    }
},
{
    "model": "task.task",
    "pk": 524,
    "fields": {
        "name": "Grow",
        "activity": 9,
        "notes": "    \n    record time\n    walk\n    watch balloons launch\n    self awareness and emotional needs",
        "date": "2023-09-01",
        "hours": 3,
        "done": false
    }
},
{
    "model": "task.task",
    "pk": 525,
    "fields": {
        "name": "Innovate",
        "activity": 3,
        "notes": "    create import view to build pubs, courses, students\n    update code on Digital Ocean\n    fix issue with SHRINKING-WORLD-PUBS var\n    remove Student data model\n    add Student data model\n    iterations on production server\n    exception handling",
        "date": "2023-09-01",
        "hours": 6,
        "done": false
    }
},
{
    "model": "task.task",
    "pk": 526,
    "fields": {
        "name": "Teach",
        "activity": 4,
        "notes": "    communicate with students",
        "date": "2023-09-01",
        "hours": 1,
        "done": false
    }
},
{
    "model": "task.task",
    "pk": 527,
    "fields": {
        "name": "Family",
        "activity": 1,
        "notes": "    visit with Duke and Marie\n    ",
        "date": "2023-09-01",
        "hours": 4,
        "done": false
    }
},
{
    "model": "task.task",
    "pk": 528,
    "fields": {
        "name": "Fun",
        "activity": 8,
        "notes": "    watch hot air balloon launch",
        "date": "2023-09-02",
        "hours": 4,
        "done": false
    }
},
{
    "model": "task.task",
    "pk": 529,
    "fields": {
        "name": "Family",
        "activity": 1,
        "notes": "    pick up Stacie's Trike\n    my birthday party",
        "date": "2023-09-02",
        "hours": 6,
        "done": false
    }
},
{
    "model": "task.task",
    "pk": 530,
    "fields": {
        "name": "ProMETA",
        "activity": 7,
        "notes": "    user construction design pattern",
        "date": "2023-09-02",
        "hours": 4,
        "done": false
    }
},
{
    "model": "task.task",
    "pk": 531,
    "fields": {
        "name": "Church",
        "activity": 2,
        "notes": "    church in Greeley\n    talk with Duke  ",
        "date": "2023-09-03",
        "hours": 7,
        "done": false
    }
},
{
    "model": "task.task",
    "pk": 532,
    "fields": {
        "name": "Family",
        "activity": 1,
        "notes": "    time with Stacie",
        "date": "2023-09-03",
        "hours": 2,
        "done": false
    }
},
{
    "model": "task.task",
    "pk": 533,
    "fields": {
        "name": "Grow",
        "activity": 9,
        "notes": "    nap",
        "date": "2023-09-03",
        "hours": 1,
        "done": false
    }
},
{
    "model": "task.task",
    "pk": 534,
    "fields": {
        "name": "Fun",
        "activity": 8,
        "notes": "    balloon festival\n    Jupiter's Legacy",
        "date": "2023-09-03",
        "hours": 4,
        "done": false
    }
},
{
    "model": "task.task",
    "pk": 1090,
    "fields": {
        "name": "ProMETA",
        "activity": 7,
        "notes": "    course of interest selector\n    build test server\n    show data records for me only\n    create data sets: Users, Courses, Students",
        "date": "2023-09-15",
        "hours": 10,
        "done": false
    }
},
{
    "model": "task.task",
    "pk": 1091,
    "fields": {
        "name": "Fun",
        "activity": 8,
        "notes": "    nts\n    Murders in the Building\n    White Collar",
        "date": "2023-09-15",
        "hours": 4,
        "done": false
    }
},
{
    "model": "task.task",
    "pk": 1124,
    "fields": {
        "name": "Grow",
        "activity": 9,
        "notes": "    personal planning\n    walk",
        "date": "2023-09-16",
        "hours": 2,
        "done": false
    }
},
{
    "model": "task.task",
    "pk": 1125,
    "fields": {
        "name": "Write",
        "activity": 5,
        "notes": "    A Seaman's Life\n    Stress Cycle\n    Embrace Imperfection",
        "date": "2023-09-16",
        "hours": 2,
        "done": false
    }
},
{
    "model": "task.task",
    "pk": 1126,
    "fields": {
        "name": "Teach",
        "activity": 4,
        "notes": "    grade and give feedback on Milestone 1",
        "date": "2023-09-16",
        "hours": 4,
        "done": false
    }
},
{
    "model": "task.task",
    "pk": 1127,
    "fields": {
        "name": "ProMETA",
        "activity": 7,
        "notes": "    database corrupt on production server\n    revert change for course_of_interest\n    troubleshoot Student record crash\n    test both servers",
        "date": "2023-09-16",
        "hours": 2,
        "done": false
    }
},
{
    "model": "task.task",
    "pk": 1128,
    "fields": {
        "name": "Family",
        "activity": 1,
        "notes": "    Stacie gets sleep monitor working\n    Stacie brings Cassie home\n    Josiah and Sam come over",
        "date": "2023-09-16",
        "hours": 2,
        "done": false
    }
},
{
    "model": "task.task",
    "pk": 1129,
    "fields": {
        "name": "Fun",
        "activity": 8,
        "notes": "    Red Sonja\n    First Nations books",
        "date": "2023-09-16",
        "hours": 2,
        "done": false
    }
},
{
    "model": "task.task",
    "pk": 1130,
    "fields": {
        "name": "Grow",
        "activity": 9,
        "notes": "    walk",
        "date": "2023-09-17",
        "hours": 1,
        "done": false
    }
},
{
    "model": "task.task",
    "pk": 1131,
    "fields": {
        "name": "ProMETA",
        "activity": 7,
        "notes": "    test both servers\n    update Python version to 3.11.5\n    update Python packages",
        "date": "2023-09-17",
        "hours": 2,
        "done": false
    }
},
{
    "model": "task.task",
    "pk": 1132,
    "fields": {
        "name": "Church",
        "activity": 2,
        "notes": "    watch one kid in church",
        "date": "2023-09-17",
        "hours": 3,
        "done": false
    }
},
{
    "model": "task.task",
    "pk": 1133,
    "fields": {
        "name": "Family",
        "activity": 1,
        "notes": "    time with Stacie\n    help prepare for Andrew's party\n    Andrew's birthday party\n    setup wind chime\n    pantry shelf collapse",
        "date": "2023-09-17",
        "hours": 5,
        "done": false
    }
},
{
    "model": "task.task",
    "pk": 1134,
    "fields": {
        "name": "Write",
        "activity": 5,
        "notes": "    organize AI conversations",
        "date": "2023-09-17",
        "hours": 2,
        "done": false
    }
},
{
    "model": "task.task",
    "pk": 1135,
    "fields": {
        "name": "Fun",
        "activity": 8,
        "notes": "    Install Open Audible\n    Red Sonja",
        "date": "2023-09-17",
        "hours": 1,
        "done": false
    }
},
{
    "model": "task.task",
    "pk": 1136,
    "fields": {
        "name": "Grow",
        "activity": 9,
        "notes": "    personal reflection",
        "date": "2023-09-18",
        "hours": 1,
        "done": false
    }
},
{
    "model": "task.task",
    "pk": 1137,
    "fields": {
        "name": "Innovate",
        "activity": 3,
        "notes": "    improve task summary",
        "date": "2023-09-18",
        "hours": 1,
        "done": false
    }
},
{
    "model": "task.task",
    "pk": 1138,
    "fields": {
        "name": "Teach",
        "activity": 4,
        "notes": "    create lessons for Milestone 3\n    class at UNC\n    ",
        "date": "2023-09-18",
        "hours": 8,
        "done": false
    }
},
{
    "model": "task.task",
    "pk": 1139,
    "fields": {
        "name": "Fun",
        "activity": 8,
        "notes": "    Hobbit 3\n    American Nations - expansion west",
        "date": "2023-09-18",
        "hours": 4,
        "done": false
    }
},
{
    "model": "task.task",
    "pk": 1140,
    "fields": {
        "name": "Grow",
        "activity": 9,
        "notes": "    personal reflection",
        "date": "2023-09-19",
        "hours": 1,
        "done": false
    }
},
{
    "model": "task.task",
    "pk": 1141,
    "fields": {
        "name": "Family",
        "activity": 1,
        "notes": "    clean grill",
        "date": "2023-09-19",
        "hours": 1,
        "done": false
    }
},
{
    "model": "task.task",
    "pk": 1142,
    "fields": {
        "name": "Write",
        "activity": 5,
        "notes": "    American Nations",
        "date": "2023-09-19",
        "hours": 2,
        "done": false
    }
},
{
    "model": "task.task",
    "pk": 1143,
    "fields": {
        "name": "ProMETA",
        "activity": 7,
        "notes": "    Release notes for 1.0, 1.1\n    create process for Pull Requests\n    staging server banner\n    scripts for production and staging servers\n    work with Stacie\n    translate navbar",
        "date": "2023-09-19",
        "hours": 6,
        "done": false
    }
},
{
    "model": "task.task",
    "pk": 1144,
    "fields": {
        "name": "Fun",
        "activity": 8,
        "notes": "    Princess Bride",
        "date": "2023-09-19",
        "hours": 4,
        "done": false
    }
},
{
    "model": "task.task",
    "pk": 1158,
    "fields": {
        "name": "Write",
        "activity": 5,
        "notes": "    Imposter Syndrome & Stress",
        "date": "2023-09-20",
        "hours": 1,
        "done": false
    }
},
{
    "model": "task.task",
    "pk": 1159,
    "fields": {
        "name": "Teach",
        "activity": 4,
        "notes": "    grade BACS350\n    notify failing students\n    plan to rewrite SWENG content\n    30 minutes in CS350\n    10 minutes in BACS350\n    respond to AI\n    lunch at Albertos",
        "date": "2023-09-20",
        "hours": 7,
        "done": false
    }
},
{
    "model": "task.task",
    "pk": 1160,
    "fields": {
        "name": "Family",
        "activity": 1,
        "notes": "    discuss world with Stacie\n    discuss work and travel\n    talk about repositioning cruise",
        "date": "2023-09-20",
        "hours": 2,
        "done": false
    }
},
{
    "model": "task.task",
    "pk": 1161,
    "fields": {
        "name": "Fun",
        "activity": 8,
        "notes": "    Chosen\n    Big Bang\n    American Nations - Left Coast and Far West",
        "date": "2023-09-20",
        "hours": 4,
        "done": false
    }
},
{
    "model": "task.task",
    "pk": 1162,
    "fields": {
        "name": "Family",
        "activity": 1,
        "notes": "    plan cruise with Stacie",
        "date": "2023-09-21",
        "hours": 2,
        "done": false
    }
},
{
    "model": "task.task",
    "pk": 1163,
    "fields": {
        "name": "Write",
        "activity": 5,
        "notes": "    Myth of Christian Nation",
        "date": "2023-09-21",
        "hours": 1,
        "done": false
    }
},
{
    "model": "task.task",
    "pk": 1164,
    "fields": {
        "name": "ProMETA",
        "activity": 7,
        "notes": "    review all code with Stacie\n    extract and recompile translations string\n    update staging server\n    display release notes on staging server\n    translate sections into Spanish\n    update engineering log and release notes",
        "date": "2023-09-21",
        "hours": 5,
        "done": false
    }
},
{
    "model": "task.task",
    "pk": 1165,
    "fields": {
        "name": "Teach",
        "activity": 4,
        "notes": "    think about UNC teaching (pros and cons)",
        "date": "2023-09-21",
        "hours": 1,
        "done": false
    }
},
{
    "model": "task.task",
    "pk": 1166,
    "fields": {
        "name": "Grow",
        "activity": 9,
        "notes": "    personal growth and health",
        "date": "2023-09-21",
        "hours": 1,
        "done": false
    }
},
{
    "model": "task.task",
    "pk": 1167,
    "fields": {
        "name": "Church",
        "activity": 2,
        "notes": "    visit with Duke & Marie after Yellowstone",
        "date": "2023-09-21",
        "hours": 2,
        "done": false
    }
},
{
    "model": "task.task",
    "pk": 1168,
    "fields": {
        "name": "Fun",
        "activity": 8,
        "notes": "    Sim City",
        "date": "2023-09-21",
        "hours": 2,
        "done": false
    }
},
{
    "model": "task.task",
    "pk": 1169,
    "fields": {
        "name": "Grow",
        "activity": 9,
        "notes": "    personal planning\n    nap",
        "date": "2023-09-22",
        "hours": 2,
        "done": false
    }
},
{
    "model": "task.task",
    "pk": 1170,
    "fields": {
        "name": "ProMETA",
        "activity": 7,
        "notes": "    test code on staging server\n    deploy staging branch for static web server\n    load Spanish course titles",
        "date": "2023-09-22",
        "hours": 4,
        "done": false
    }
},
{
    "model": "task.task",
    "pk": 1171,
    "fields": {
        "name": "Teach",
        "activity": 4,
        "notes": "    grade Milestone 2\n    communicate with students\n    update testbook for Milestone 3\n    ",
        "date": "2023-09-22",
        "hours": 6,
        "done": false
    }
},
{
    "model": "task.task",
    "pk": 1172,
    "fields": {
        "name": "Family",
        "activity": 1,
        "notes": "    Garseamans visit",
        "date": "2023-09-22",
        "hours": 2,
        "done": false
    }
},
{
    "model": "task.task",
    "pk": 1173,
    "fields": {
        "name": "Fun",
        "activity": 8,
        "notes": "    Chosen",
        "date": "2023-09-22",
        "hours": 0,
        "done": false
    }
},
{
    "model": "task.task",
    "pk": 1174,
    "fields": {
        "name": "Write",
        "activity": 5,
        "notes": "    This is How the Kingdom Comes\n    Inklings",
        "date": "2023-09-23",
        "hours": 2,
        "done": false
    }
},
{
    "model": "task.task",
    "pk": 1175,
    "fields": {
        "name": "ProMETA",
        "activity": 7,
        "notes": "    deploy code to Production\n    Load Spanish sections\n    work on data management\n    replicated data problem",
        "date": "2023-09-23",
        "hours": 4,
        "done": false
    }
},
{
    "model": "task.task",
    "pk": 1176,
    "fields": {
        "name": "Church",
        "activity": 2,
        "notes": "    Palominos with Lancasters",
        "date": "2023-09-23",
        "hours": 4,
        "done": false
    }
},
{
    "model": "task.task",
    "pk": 1177,
    "fields": {
        "name": "Family",
        "activity": 1,
        "notes": "    book cruise",
        "date": "2023-09-23",
        "hours": 2,
        "done": false
    }
},
{
    "model": "task.task",
    "pk": 1178,
    "fields": {
        "name": "Fun",
        "activity": 8,
        "notes": "    Chosen",
        "date": "2023-09-23",
        "hours": 2,
        "done": false
    }
},
{
    "model": "task.task",
    "pk": 1179,
    "fields": {
        "name": "Church",
        "activity": 2,
        "notes": "    Church in Loveland with Duke and Marie\n    Duke and Marie depart\n    Bobba Cafe with Chilcotts",
        "date": "2023-09-24",
        "hours": 6,
        "done": false
    }
},
{
    "model": "task.task",
    "pk": 1180,
    "fields": {
        "name": "Family",
        "activity": 1,
        "notes": "    Cassie after church",
        "date": "2023-09-24",
        "hours": 2,
        "done": false
    }
},
{
    "model": "task.task",
    "pk": 1181,
    "fields": {
        "name": "Fun",
        "activity": 8,
        "notes": "    Arrival\n    Portrait of a Spy\n    Sim City\n    Solitaire",
        "date": "2023-09-24",
        "hours": 6,
        "done": false
    }
},
{
    "model": "task.task",
    "pk": 1182,
    "fields": {
        "name": "Grow",
        "activity": 9,
        "notes": "    personal reflection\n    walk at UNC",
        "date": "2023-09-25",
        "hours": 2,
        "done": false
    }
},
{
    "model": "task.task",
    "pk": 1183,
    "fields": {
        "name": "Write",
        "activity": 5,
        "notes": "    Humankind (power corrupts)",
        "date": "2023-09-25",
        "hours": 1,
        "done": false
    }
},
{
    "model": "task.task",
    "pk": 1184,
    "fields": {
        "name": "Teach",
        "activity": 4,
        "notes": "    drive to UNC\n    grade BACS 350 and CS 350\n    notify failing students\n    Superhero AI \n    deep conversation with Evan and Ryan\n    update .org content",
        "date": "2023-09-25",
        "hours": 7,
        "done": false
    }
},
{
    "model": "task.task",
    "pk": 1185,
    "fields": {
        "name": "Family",
        "activity": 1,
        "notes": "    grill shrimp",
        "date": "2023-09-25",
        "hours": 1,
        "done": false
    }
},
{
    "model": "task.task",
    "pk": 1186,
    "fields": {
        "name": "Fun",
        "activity": 8,
        "notes": "    White Collar\n    Murders in Building",
        "date": "2023-09-25",
        "hours": 3,
        "done": false
    }
},
{
    "model": "task.task",
    "pk": 1187,
    "fields": {
        "name": "Grow",
        "activity": 9,
        "notes": "    walk\n    Humankind (controlling others)",
        "date": "2023-09-26",
        "hours": 1,
        "done": false
    }
},
{
    "model": "task.task",
    "pk": 1188,
    "fields": {
        "name": "ProMETA",
        "activity": 7,
        "notes": "    create tests for create and edit student records\n    test and deploy on Staging and Production\n    refactor make_user code",
        "date": "2023-09-26",
        "hours": 9,
        "done": false
    }
},
{
    "model": "task.task",
    "pk": 1189,
    "fields": {
        "name": "Family",
        "activity": 1,
        "notes": "    time with Stacie",
        "date": "2023-09-26",
        "hours": 2,
        "done": false
    }
},
{
    "model": "task.task",
    "pk": 1190,
    "fields": {
        "name": "Fun",
        "activity": 8,
        "notes": "    Ahsoka\n    Big Bang",
        "date": "2023-09-26",
        "hours": 2,
        "done": false
    }
},
{
    "model": "task.task",
    "pk": 1191,
    "fields": {
        "name": "Write",
        "activity": 5,
        "notes": "    Subscribe to ghost.org\n    Learn about Ghost\n    Setting Personal Goals\n    Inklings Presentation\n    Shrinking World Training website at Ghost",
        "date": "2023-01-26",
        "hours": 5,
        "done": false
    }
},
{
    "model": "task.task",
    "pk": 1192,
    "fields": {
        "name": "Teach",
        "activity": 4,
        "notes": "    Writer's Workshop Series - training for authors\n    Writing for Teaching\n    Create a Seminar\n    Create a college class\n    Menu of courses at Shrinking World\n    course creation effort\n    Publishing Schedule",
        "date": "2023-01-26",
        "hours": 5,
        "done": false
    }
},
{
    "model": "task.task",
    "pk": 1193,
    "fields": {
        "name": "Innovate",
        "activity": 3,
        "notes": "    load task data from JSON file\n    ",
        "date": "2023-01-26",
        "hours": 1,
        "done": false
    }
},
{
    "model": "task.task",
    "pk": 1194,
    "fields": {
        "name": "Business",
        "activity": 6,
        "notes": "    Business Plan for Shrinking World Training",
        "date": "2023-01-26",
        "hours": 1,
        "done": false
    }
},
{
    "model": "task.task",
    "pk": 1195,
    "fields": {
        "name": "Fun",
        "activity": 8,
        "notes": "    Ticket to Paradise",
        "date": "2023-01-26",
        "hours": 2,
        "done": false
    }
},
{
    "model": "task.task",
    "pk": 1196,
    "fields": {
        "name": "Innovate",
        "activity": 3,
        "notes": "    learn about publishing from Ghost articles\n    web clip articles",
        "date": "2023-01-27",
        "hours": 3,
        "done": false
    }
},
{
    "model": "task.task",
    "pk": 1197,
    "fields": {
        "name": "Business",
        "activity": 6,
        "notes": "    set business goals for Shrinking World\n    Shrinking World Success\n    Finding My Niche",
        "date": "2023-01-27",
        "hours": 3,
        "done": false
    }
},
{
    "model": "task.task",
    "pk": 1198,
    "fields": {
        "name": "Write",
        "activity": 5,
        "notes": "    work on Inklings presentation",
        "date": "2023-01-27",
        "hours": 1,
        "done": false
    }
},
{
    "model": "task.task",
    "pk": 1199,
    "fields": {
        "name": "Church",
        "activity": 2,
        "notes": "    prep for EHS class with Stacie",
        "date": "2023-01-27",
        "hours": 3,
        "done": false
    }
},
{
    "model": "task.task",
    "pk": 1200,
    "fields": {
        "name": "Family",
        "activity": 1,
        "notes": "    cook ready-made chicken pasta",
        "date": "2023-01-27",
        "hours": 2,
        "done": false
    }
},
{
    "model": "task.task",
    "pk": 1201,
    "fields": {
        "name": "Fun",
        "activity": 8,
        "notes": "    Mummy",
        "date": "2023-01-27",
        "hours": 2,
        "done": false
    }
},
{
    "model": "task.task",
    "pk": 1202,
    "fields": {
        "name": "Grow",
        "activity": 9,
        "notes": "    night watch: business and writing ideas",
        "date": "2023-01-28",
        "hours": 1,
        "done": false
    }
},
{
    "model": "task.task",
    "pk": 1203,
    "fields": {
        "name": "Write",
        "activity": 5,
        "notes": "    Greenhouse Writing - 15 outlines\n    Shrinking World Content\n    Content Priority\n    Seaman's Productivity Law\n    Multicast Lessons\n    Masto: 175 Posts, 160 Following, 41 Followers (+ 12, 12, 5)",
        "date": "2023-01-28",
        "hours": 7,
        "done": false
    }
},
{
    "model": "task.task",
    "pk": 1204,
    "fields": {
        "name": "Innovate",
        "activity": 3,
        "notes": "    How to Become a Professional Creator\n    Tella\n    Teachable\n    Record videos and embed them",
        "date": "2023-01-28",
        "hours": 1,
        "done": false
    }
},
{
    "model": "task.task",
    "pk": 1205,
    "fields": {
        "name": "Family",
        "activity": 1,
        "notes": "    \n    family night\n    ",
        "date": "2023-01-28",
        "hours": 2,
        "done": false
    }
},
{
    "model": "task.task",
    "pk": 1206,
    "fields": {
        "name": "Business",
        "activity": 6,
        "notes": "    plan business goals and costs",
        "date": "2023-01-28",
        "hours": 1,
        "done": false
    }
},
{
    "model": "task.task",
    "pk": 1207,
    "fields": {
        "name": "Fun",
        "activity": 8,
        "notes": "    Mummy\n    Eli Stone",
        "date": "2023-01-28",
        "hours": 1,
        "done": false
    }
},
{
    "model": "task.task",
    "pk": 1208,
    "fields": {
        "name": "Grow",
        "activity": 9,
        "notes": "    night watch: Multicast publishing, Blues",
        "date": "2023-01-29",
        "hours": 2,
        "done": false
    }
},
{
    "model": "task.task",
    "pk": 1209,
    "fields": {
        "name": "Write",
        "activity": 5,
        "notes": "    Work the Greenhouse  (97 Ideas)",
        "date": "2023-01-29",
        "hours": 2,
        "done": false
    }
},
{
    "model": "task.task",
    "pk": 1210,
    "fields": {
        "name": "Church",
        "activity": 2,
        "notes": "    church with Hendricksons\n    La Viña service",
        "date": "2023-01-29",
        "hours": 5,
        "done": false
    }
},
{
    "model": "task.task",
    "pk": 1211,
    "fields": {
        "name": "Family",
        "activity": 1,
        "notes": "    Hendricksons & Webbs at Austin's",
        "date": "2023-01-29",
        "hours": 2,
        "done": false
    }
},
{
    "model": "task.task",
    "pk": 1212,
    "fields": {
        "name": "Fun",
        "activity": 8,
        "notes": "    The Gray Man",
        "date": "2023-01-29",
        "hours": 3,
        "done": false
    }
},
{
    "model": "task.task",
    "pk": 1213,
    "fields": {
        "name": "Grow",
        "activity": 9,
        "notes": "    gout day 28 - text to Dr Rhoads\n    night watch: Think Tank\n    weekly reflection",
        "date": "2023-01-30",
        "hours": 2,
        "done": false
    }
},
{
    "model": "task.task",
    "pk": 1214,
    "fields": {
        "name": "Write",
        "activity": 5,
        "notes": "    MulticastBlog.ol\n    MulticastTeaching.ol\n    My Unique Viewpoint\n    Human Nature\n    Think Tank (Thunk sizes)\n    Shrinking World Viewpoint\n    Professional Networking\n    Masto: 188 Posts, 184 Following, 49 Followers\n    Subscribers: 0",
        "date": "2023-01-30",
        "hours": 6,
        "done": false
    }
},
{
    "model": "task.task",
    "pk": 1215,
    "fields": {
        "name": "Innovate",
        "activity": 3,
        "notes": "    install Dropbox on Macbook\n    build pages on Ghost World",
        "date": "2023-01-30",
        "hours": 1,
        "done": false
    }
},
{
    "model": "task.task",
    "pk": 1216,
    "fields": {
        "name": "Business",
        "activity": 6,
        "notes": "    tax prep\n    discuss business strategy with Stacie",
        "date": "2023-01-30",
        "hours": 1,
        "done": false
    }
},
{
    "model": "task.task",
    "pk": 1217,
    "fields": {
        "name": "Family",
        "activity": 1,
        "notes": "    Garcias - Free Form on iPad",
        "date": "2023-01-30",
        "hours": 2,
        "done": false
    }
},
{
    "model": "task.task",
    "pk": 1218,
    "fields": {
        "name": "Fun",
        "activity": 8,
        "notes": "    Tales of the Jedi\n    Sim City (level 50)",
        "date": "2023-01-30",
        "hours": 2,
        "done": false
    }
},
{
    "model": "task.task",
    "pk": 1219,
    "fields": {
        "name": "Grow",
        "activity": 9,
        "notes": "    night watch: Timothy, Hebrews\n    20-below wind chill",
        "date": "2023-01-31",
        "hours": 1,
        "done": false
    }
},
{
    "model": "task.task",
    "pk": 1220,
    "fields": {
        "name": "Write",
        "activity": 5,
        "notes": "    Cheap Salvation\n    Convergence & Connection\n    Think Tank\n    Organize notes",
        "date": "2023-01-31",
        "hours": 5,
        "done": false
    }
},
{
    "model": "task.task",
    "pk": 1221,
    "fields": {
        "name": "Teach",
        "activity": 4,
        "notes": "    Training Ghost Site",
        "date": "2023-01-31",
        "hours": 2,
        "done": false
    }
},
{
    "model": "task.task",
    "pk": 1222,
    "fields": {
        "name": "Family",
        "activity": 1,
        "notes": "    call Dad on birthday\n    ",
        "date": "2023-01-31",
        "hours": 0,
        "done": false
    }
},
{
    "model": "task.task",
    "pk": 1223,
    "fields": {
        "name": "Innovate",
        "activity": 3,
        "notes": "    build Training Ghost Site\n    ",
        "date": "2023-01-31",
        "hours": 3,
        "done": false
    }
},
{
    "model": "task.task",
    "pk": 1224,
    "fields": {
        "name": "Fun",
        "activity": 8,
        "notes": "    Mummy Returns\n    Hoopla borrows",
        "date": "2023-01-31",
        "hours": 3,
        "done": false
    }
},
{
    "model": "task.task",
    "pk": 1225,
    "fields": {
        "name": "Write",
        "activity": 5,
        "notes": "    send Shrinking World Invitation\n    subscribe to Rachel's \"literarysprouts\" Instagram feed\n    Rachel: awful January\n    Instagram\n    Connection Log",
        "date": "2023-02-01",
        "hours": 4,
        "done": false
    }
},
{
    "model": "task.task",
    "pk": 1226,
    "fields": {
        "name": "Innovate",
        "activity": 3,
        "notes": "    explore Ghost/Mastodon integration",
        "date": "2023-02-01",
        "hours": 5,
        "done": false
    }
},
{
    "model": "task.task",
    "pk": 1227,
    "fields": {
        "name": "Church",
        "activity": 2,
        "notes": "    Emotionally Healthy Relationships",
        "date": "2023-02-01",
        "hours": 5,
        "done": false
    }
}
]
