[
{
    "model": "task.tasktype",
    "pk": 1,
    "fields": {
        "name": "Public"
    }
},
{
    "model": "task.tasktype",
    "pk": 2,
    "fields": {
        "name": "Work"
    }
},
{
    "model": "task.tasktype",
    "pk": 3,
    "fields": {
        "name": "Private"
    }
},
{
    "model": "task.activity",
    "pk": 3,
    "fields": {
        "name": "Innovate",
        "type": 2
    }
},
{
    "model": "task.activity",
    "pk": 4,
    "fields": {
        "name": "ProMETA",
        "type": 2
    }
},
{
    "model": "task.activity",
    "pk": 25,
    "fields": {
        "name": "Teach",
        "type": 2
    }
},
{
    "model": "task.activity",
    "pk": 72,
    "fields": {
        "name": "Family",
        "type": 1
    }
},
{
    "model": "task.activity",
    "pk": 73,
    "fields": {
        "name": "Church",
        "type": 1
    }
},
{
    "model": "task.activity",
    "pk": 74,
    "fields": {
        "name": "Fun",
        "type": 3
    }
},
{
    "model": "task.activity",
    "pk": 75,
    "fields": {
        "name": "Grow",
        "type": 3
    }
},
{
    "model": "task.activity",
    "pk": 76,
    "fields": {
        "name": "Write",
        "type": 2
    }
},
{
    "model": "task.activity",
    "pk": 77,
    "fields": {
        "name": "Business",
        "type": 2
    }
},
{
    "model": "task.task",
    "pk": 690,
    "fields": {
        "name": "Family",
        "activity": 72,
        "notes": "    Stacie goes to ER\n    EKG and CAT scan\n    admitted to hospital\n    communicate with family",
        "date": "2023-08-18",
        "hours": 8,
        "done": false
    }
},
{
    "model": "task.task",
    "pk": 691,
    "fields": {
        "name": "Teach",
        "activity": 25,
        "notes": "    develop content for Software Engineering",
        "date": "2023-08-18",
        "hours": 6,
        "done": false
    }
},
{
    "model": "task.task",
    "pk": 748,
    "fields": {
        "name": "Family",
        "activity": 72,
        "notes": "    Stacie in stress test\n    wait in hospital\n    Stacie goes home",
        "date": "2023-08-19",
        "hours": 7,
        "done": false
    }
},
{
    "model": "task.task",
    "pk": 749,
    "fields": {
        "name": "Teach",
        "activity": 25,
        "notes": "    \n    create CS350 content\n    build small notes and try to figure out the organization\n    work in hospital room on course",
        "date": "2023-08-19",
        "hours": 7,
        "done": false
    }
},
{
    "model": "task.task",
    "pk": 750,
    "fields": {
        "name": "Grow",
        "activity": 75,
        "notes": "    walk",
        "date": "2023-08-20",
        "hours": 1,
        "done": false
    }
},
{
    "model": "task.task",
    "pk": 751,
    "fields": {
        "name": "Teach",
        "activity": 25,
        "notes": "    Software Engineering course preparation planning\n    integrate hospital content\n    create lessons & solutions\n    build \"Software Engineering\" @ Shrinking-World.org\n    publish content for Milestone 1\n    update \"Python Web Apps\" @ Shrinking-World.org",
        "date": "2023-08-20",
        "hours": 11,
        "done": false
    }
},
{
    "model": "task.task",
    "pk": 752,
    "fields": {
        "name": "Fun",
        "activity": 74,
        "notes": "    Murders in the Building\n    Solitaire",
        "date": "2023-08-20",
        "hours": 2,
        "done": false
    }
},
{
    "model": "task.task",
    "pk": 753,
    "fields": {
        "name": "Teach",
        "activity": 25,
        "notes": "    planning for first day\n    work on student registration\n    login with email\n    student server access\n    first day of class",
        "date": "2023-08-21",
        "hours": 11,
        "done": false
    }
},
{
    "model": "task.task",
    "pk": 754,
    "fields": {
        "name": "Family",
        "activity": 72,
        "notes": "    dinner with Stacie at Lucky Fin's",
        "date": "2023-08-21",
        "hours": 2,
        "done": false
    }
},
{
    "model": "task.task",
    "pk": 755,
    "fields": {
        "name": "Fun",
        "activity": 74,
        "notes": "    Game Night",
        "date": "2023-08-21",
        "hours": 1,
        "done": false
    }
},
{
    "model": "task.task",
    "pk": 756,
    "fields": {
        "name": "Teach",
        "activity": 25,
        "notes": "    design for student accounts\n    login with email, password reset, teachable messaging\n    student workspace plan\n    visit library\n    create tests for users and login",
        "date": "2023-08-22",
        "hours": 8,
        "done": false
    }
},
{
    "model": "task.task",
    "pk": 757,
    "fields": {
        "name": "Grow",
        "activity": 75,
        "notes": "    walk",
        "date": "2023-08-22",
        "hours": 1,
        "done": false
    }
},
{
    "model": "task.task",
    "pk": 758,
    "fields": {
        "name": "Family",
        "activity": 72,
        "notes": "    house cleaning\n    time with Stacie",
        "date": "2023-08-22",
        "hours": 1,
        "done": false
    }
},
{
    "model": "task.task",
    "pk": 759,
    "fields": {
        "name": "Fun",
        "activity": 74,
        "notes": "    Ahsoka\n    White Collar",
        "date": "2023-08-22",
        "hours": 4,
        "done": false
    }
},
{
    "model": "task.task",
    "pk": 760,
    "fields": {
        "name": "Teach",
        "activity": 25,
        "notes": "    second day of class\n    create team assignments for CS350",
        "date": "2023-08-23",
        "hours": 8,
        "done": false
    }
},
{
    "model": "task.task",
    "pk": 761,
    "fields": {
        "name": "Grow",
        "activity": 75,
        "notes": "    walk",
        "date": "2023-08-23",
        "hours": 1,
        "done": false
    }
},
{
    "model": "task.task",
    "pk": 762,
    "fields": {
        "name": "Family",
        "activity": 72,
        "notes": "    Josiah gets a Job and Pivot Bio",
        "date": "2023-08-23",
        "hours": 3,
        "done": false
    }
},
{
    "model": "task.task",
    "pk": 763,
    "fields": {
        "name": "Fun",
        "activity": 74,
        "notes": "    White Collar",
        "date": "2023-08-23",
        "hours": 2,
        "done": false
    }
},
{
    "model": "task.task",
    "pk": 764,
    "fields": {
        "name": "Grow",
        "activity": 75,
        "notes": "    walk",
        "date": "2023-08-24",
        "hours": 0,
        "done": false
    }
},
{
    "model": "task.task",
    "pk": 765,
    "fields": {
        "name": "Church",
        "activity": 73,
        "notes": "    Duke and Maria arrive",
        "date": "2023-08-24",
        "hours": 5,
        "done": false
    }
},
{
    "model": "task.task",
    "pk": 766,
    "fields": {
        "name": "Teach",
        "activity": 25,
        "notes": "    work on login with email\n    build student import with tests",
        "date": "2023-08-24",
        "hours": 4,
        "done": false
    }
},
{
    "model": "task.task",
    "pk": 767,
    "fields": {
        "name": "ProMETA",
        "activity": 4,
        "notes": "    work on accepting student applications and creating new student\n    build student edit form\n    build professor view",
        "date": "2023-08-24",
        "hours": 5,
        "done": false
    }
},
{
    "model": "task.task",
    "pk": 1027,
    "fields": {
        "name": "Write",
        "activity": 76,
        "notes": "    Subscribe to ghost.org\n    Learn about Ghost\n    Setting Personal Goals\n    Inklings Presentation\n    Shrinking World Training website at Ghost",
        "date": "2023-01-26",
        "hours": 5,
        "done": false
    }
},
{
    "model": "task.task",
    "pk": 1028,
    "fields": {
        "name": "Teach",
        "activity": 25,
        "notes": "    Writer's Workshop Series - training for authors\n    Writing for Teaching\n    Create a Seminar\n    Create a college class\n    Menu of courses at Shrinking World\n    course creation effort\n    Publishing Schedule",
        "date": "2023-01-26",
        "hours": 5,
        "done": false
    }
},
{
    "model": "task.task",
    "pk": 1029,
    "fields": {
        "name": "Innovate",
        "activity": 3,
        "notes": "    load task data from JSON file\n    ",
        "date": "2023-01-26",
        "hours": 1,
        "done": false
    }
},
{
    "model": "task.task",
    "pk": 1030,
    "fields": {
        "name": "Business",
        "activity": 77,
        "notes": "    Business Plan for Shrinking World Training",
        "date": "2023-01-26",
        "hours": 1,
        "done": false
    }
},
{
    "model": "task.task",
    "pk": 1031,
    "fields": {
        "name": "Fun",
        "activity": 74,
        "notes": "    Ticket to Paradise",
        "date": "2023-01-26",
        "hours": 2,
        "done": false
    }
},
{
    "model": "task.task",
    "pk": 1032,
    "fields": {
        "name": "Innovate",
        "activity": 3,
        "notes": "    learn about publishing from Ghost articles\n    web clip articles",
        "date": "2023-01-27",
        "hours": 3,
        "done": false
    }
},
{
    "model": "task.task",
    "pk": 1033,
    "fields": {
        "name": "Business",
        "activity": 77,
        "notes": "    set business goals for Shrinking World\n    Shrinking World Success\n    Finding My Niche",
        "date": "2023-01-27",
        "hours": 3,
        "done": false
    }
},
{
    "model": "task.task",
    "pk": 1034,
    "fields": {
        "name": "Write",
        "activity": 76,
        "notes": "    work on Inklings presentation",
        "date": "2023-01-27",
        "hours": 1,
        "done": false
    }
},
{
    "model": "task.task",
    "pk": 1035,
    "fields": {
        "name": "Church",
        "activity": 73,
        "notes": "    prep for EHS class with Stacie",
        "date": "2023-01-27",
        "hours": 3,
        "done": false
    }
},
{
    "model": "task.task",
    "pk": 1036,
    "fields": {
        "name": "Family",
        "activity": 72,
        "notes": "    cook ready-made chicken pasta",
        "date": "2023-01-27",
        "hours": 2,
        "done": false
    }
},
{
    "model": "task.task",
    "pk": 1037,
    "fields": {
        "name": "Fun",
        "activity": 74,
        "notes": "    Mummy",
        "date": "2023-01-27",
        "hours": 2,
        "done": false
    }
},
{
    "model": "task.task",
    "pk": 1038,
    "fields": {
        "name": "Grow",
        "activity": 75,
        "notes": "    night watch: business and writing ideas",
        "date": "2023-01-28",
        "hours": 1,
        "done": false
    }
},
{
    "model": "task.task",
    "pk": 1039,
    "fields": {
        "name": "Write",
        "activity": 76,
        "notes": "    Greenhouse Writing - 15 outlines\n    Shrinking World Content\n    Content Priority\n    Seaman's Productivity Law\n    Multicast Lessons\n    Masto: 175 Posts, 160 Following, 41 Followers (+ 12, 12, 5)",
        "date": "2023-01-28",
        "hours": 7,
        "done": false
    }
},
{
    "model": "task.task",
    "pk": 1040,
    "fields": {
        "name": "Innovate",
        "activity": 3,
        "notes": "    How to Become a Professional Creator\n    Tella\n    Teachable\n    Record videos and embed them",
        "date": "2023-01-28",
        "hours": 1,
        "done": false
    }
},
{
    "model": "task.task",
    "pk": 1041,
    "fields": {
        "name": "Family",
        "activity": 72,
        "notes": "    \n    family night\n    ",
        "date": "2023-01-28",
        "hours": 2,
        "done": false
    }
},
{
    "model": "task.task",
    "pk": 1042,
    "fields": {
        "name": "Business",
        "activity": 77,
        "notes": "    plan business goals and costs",
        "date": "2023-01-28",
        "hours": 1,
        "done": false
    }
},
{
    "model": "task.task",
    "pk": 1043,
    "fields": {
        "name": "Fun",
        "activity": 74,
        "notes": "    Mummy\n    Eli Stone",
        "date": "2023-01-28",
        "hours": 1,
        "done": false
    }
},
{
    "model": "task.task",
    "pk": 1044,
    "fields": {
        "name": "Grow",
        "activity": 75,
        "notes": "    night watch: Multicast publishing, Blues",
        "date": "2023-01-29",
        "hours": 2,
        "done": false
    }
},
{
    "model": "task.task",
    "pk": 1045,
    "fields": {
        "name": "Write",
        "activity": 76,
        "notes": "    Work the Greenhouse  (97 Ideas)",
        "date": "2023-01-29",
        "hours": 2,
        "done": false
    }
},
{
    "model": "task.task",
    "pk": 1046,
    "fields": {
        "name": "Church",
        "activity": 73,
        "notes": "    church with Hendricksons\n    La Viña service",
        "date": "2023-01-29",
        "hours": 5,
        "done": false
    }
},
{
    "model": "task.task",
    "pk": 1047,
    "fields": {
        "name": "Family",
        "activity": 72,
        "notes": "    Hendricksons & Webbs at Austin's",
        "date": "2023-01-29",
        "hours": 2,
        "done": false
    }
},
{
    "model": "task.task",
    "pk": 1048,
    "fields": {
        "name": "Fun",
        "activity": 74,
        "notes": "    The Gray Man",
        "date": "2023-01-29",
        "hours": 3,
        "done": false
    }
},
{
    "model": "task.task",
    "pk": 1049,
    "fields": {
        "name": "Grow",
        "activity": 75,
        "notes": "    gout day 28 - text to Dr Rhoads\n    night watch: Think Tank\n    weekly reflection",
        "date": "2023-01-30",
        "hours": 2,
        "done": false
    }
},
{
    "model": "task.task",
    "pk": 1050,
    "fields": {
        "name": "Write",
        "activity": 76,
        "notes": "    MulticastBlog.ol\n    MulticastTeaching.ol\n    My Unique Viewpoint\n    Human Nature\n    Think Tank (Thunk sizes)\n    Shrinking World Viewpoint\n    Professional Networking\n    Masto: 188 Posts, 184 Following, 49 Followers\n    Subscribers: 0",
        "date": "2023-01-30",
        "hours": 6,
        "done": false
    }
},
{
    "model": "task.task",
    "pk": 1051,
    "fields": {
        "name": "Innovate",
        "activity": 3,
        "notes": "    install Dropbox on Macbook\n    build pages on Ghost World",
        "date": "2023-01-30",
        "hours": 1,
        "done": false
    }
},
{
    "model": "task.task",
    "pk": 1052,
    "fields": {
        "name": "Business",
        "activity": 77,
        "notes": "    tax prep\n    discuss business strategy with Stacie",
        "date": "2023-01-30",
        "hours": 1,
        "done": false
    }
},
{
    "model": "task.task",
    "pk": 1053,
    "fields": {
        "name": "Family",
        "activity": 72,
        "notes": "    Garcias - Free Form on iPad",
        "date": "2023-01-30",
        "hours": 2,
        "done": false
    }
},
{
    "model": "task.task",
    "pk": 1054,
    "fields": {
        "name": "Fun",
        "activity": 74,
        "notes": "    Tales of the Jedi\n    Sim City (level 50)",
        "date": "2023-01-30",
        "hours": 2,
        "done": false
    }
},
{
    "model": "task.task",
    "pk": 1055,
    "fields": {
        "name": "Grow",
        "activity": 75,
        "notes": "    night watch: Timothy, Hebrews\n    20-below wind chill",
        "date": "2023-01-31",
        "hours": 1,
        "done": false
    }
},
{
    "model": "task.task",
    "pk": 1056,
    "fields": {
        "name": "Write",
        "activity": 76,
        "notes": "    Cheap Salvation\n    Convergence & Connection\n    Think Tank\n    Organize notes",
        "date": "2023-01-31",
        "hours": 5,
        "done": false
    }
},
{
    "model": "task.task",
    "pk": 1057,
    "fields": {
        "name": "Teach",
        "activity": 25,
        "notes": "    Training Ghost Site",
        "date": "2023-01-31",
        "hours": 2,
        "done": false
    }
},
{
    "model": "task.task",
    "pk": 1058,
    "fields": {
        "name": "Family",
        "activity": 72,
        "notes": "    call Dad on birthday\n    ",
        "date": "2023-01-31",
        "hours": 0,
        "done": false
    }
},
{
    "model": "task.task",
    "pk": 1059,
    "fields": {
        "name": "Innovate",
        "activity": 3,
        "notes": "    build Training Ghost Site\n    ",
        "date": "2023-01-31",
        "hours": 3,
        "done": false
    }
},
{
    "model": "task.task",
    "pk": 1060,
    "fields": {
        "name": "Fun",
        "activity": 74,
        "notes": "    Mummy Returns\n    Hoopla borrows",
        "date": "2023-01-31",
        "hours": 3,
        "done": false
    }
},
{
    "model": "task.task",
    "pk": 1061,
    "fields": {
        "name": "Write",
        "activity": 76,
        "notes": "    send Shrinking World Invitation\n    subscribe to Rachel's \"literarysprouts\" Instagram feed\n    Rachel: awful January\n    Instagram\n    Connection Log",
        "date": "2023-02-01",
        "hours": 4,
        "done": false
    }
},
{
    "model": "task.task",
    "pk": 1062,
    "fields": {
        "name": "Innovate",
        "activity": 3,
        "notes": "    explore Ghost/Mastodon integration",
        "date": "2023-02-01",
        "hours": 5,
        "done": false
    }
},
{
    "model": "task.task",
    "pk": 1063,
    "fields": {
        "name": "Church",
        "activity": 73,
        "notes": "    Emotionally Healthy Relationships",
        "date": "2023-02-01",
        "hours": 5,
        "done": false
    }
}
]
